經度,緯度,屋齡,面積,建物類型,用途,樓別/樓高,佈局,電梯,管理員,車位數量,價格,行政區,交易年份
120.72654971633455,24.25152069593115,2,48.41,住宅大樓(11層含以上有電梯),住家用,二層/十三層,3房2廳2衛,有,有,1,"17,450,000",豐原區,113
120.72962624367804,24.25430719550664,2,123.09,住宅大樓(11層含以上有電梯),住商用,"一層,二層,三層,四層,地下一層,見其他登記事項/十五層",3房3廳4衛,有,有,2,"32,680,000",豐原區,113
120.7248421366885,24.24416783803241,7,71.67,住宅大樓(11層含以上有電梯),商業用,"一層,見其他登記事項/十四層",,有,有,1,"24,500,000",豐原區,113
120.71827844485506,24.237636738550794,3,44.75,住宅大樓(11層含以上有電梯),住家用,十層/十一層,3房2廳1衛,有,有,1,"13,000,000",豐原區,113
120.7259685423324,24.237795240193716,7,45.40,住宅大樓(11層含以上有電梯),住家用,七層/十二層,3房2廳2衛,有,有,1,"14,080,000",豐原區,113
120.7239969558252,24.252509308135707,34,904.38,住宅大樓(11層含以上有電梯),商業用,二層/十四層,4衛,有,無,0,"193,000,000",豐原區,113
120.71813502109516,24.24910356765021,46,17.12,華廈(10層含以下有電梯),住商用,二層/八層,2房1廳1衛,有,有,0,"4,380,000",豐原區,113
120.72252135971024,24.251766225845174,27,62.84,住宅大樓(11層含以上有電梯),商業用,十三層/十三層,2房1廳2衛,有,有,0,"8,720,001",豐原區,113
120.7083263304278,24.24491359157442,43,58.15,透天厝,住商用,全/三層,4房1廳3衛,無,無,0,"15,000,000",豐原區,113
120.72490718526221,24.245973806801594,48,28.10,透天厝,住商用,全/二層,6房3廳5衛,無,無,0,"15,000,000",豐原區,113
120.72550422804845,24.23849868625264,39,34.50,透天厝,住家用,全/二層,4房2廳2衛,無,無,0,"15,610,000",豐原區,113
120.72236569241292,24.241815741342727,26,20.86,華廈(10層含以下有電梯),住家用,七層/九層,2房2廳1衛,有,有,0,"4,800,000",豐原區,113
120.70170031878807,24.248566602776947,31,29.56,住宅大樓(11層含以上有電梯),住家用,四層/十六層,3房2廳2衛,有,有,0,"6,000,000",豐原區,113
120.71471660297588,24.245241731514405,37,103.14,透天厝,住商用,全/四層,8房3廳6衛,無,無,0,"27,000,000",豐原區,113
120.72244823872796,24.2491566412409,34,30.20,透天厝,住家用,全/三層,4房2廳2衛,無,無,0,"7,100,000",豐原區,113
120.7432785945413,24.252940352818356,7,52.20,透天厝,住商用,全/三層,4房3廳5衛,無,無,0,"17,000,000",豐原區,113
120.7286340283245,24.24386765014523,31,39.77,公寓(5樓含以下無電梯),住家用,五層/五層,3房2廳2衛,無,有,1,"7,850,000",豐原區,113
120.72252135971024,24.251766225845174,27,36.65,住宅大樓(11層含以上有電梯),住家用,八層/十三層,3房2廳2衛,有,有,1,"7,800,000",豐原區,113
120.72252135971024,24.251766225845174,27,16.35,住宅大樓(11層含以上有電梯),住家用,十一層/十三層,1房1廳1衛,有,有,1,"3,850,000",豐原區,113
120.72621071576843,24.239664729491125,21,30.02,華廈(10層含以下有電梯),住家用,八層/八層,3房2廳1衛,有,有,1,"8,340,000",豐原區,113
120.70812606431602,24.242050950030194,30,40.55,住宅大樓(11層含以上有電梯),住家用,五層/十二層,3房2廳2衛,有,有,1,"9,500,000",豐原區,113
120.70768122820898,24.242799522609012,6,47.30,住宅大樓(11層含以上有電梯),住家用,六層/十五層,3房2廳2衛,有,有,1,"14,800,000",豐原區,113
120.7290631418717,24.250486841046275,20,45.11,住宅大樓(11層含以上有電梯),住家用,十一層/十三層,3房2廳2衛,有,有,1,"13,000,000",豐原區,113
120.71204141761989,24.239385757063552,,48.20,住宅大樓(11層含以上有電梯),住家用,九層/十二層,3房2廳2衛,有,有,1,"17,500,000",豐原區,113
120.72236569241292,24.241815741342727,26,38.99,華廈(10層含以下有電梯),住家用,七層/九層,3房2廳2衛,有,有,1,"9,500,000",豐原區,113
120.72213099177493,24.254663888778925,20,43.38,住宅大樓(11層含以上有電梯),住家用,十層/十四層,3房2廳2衛,有,有,1,"12,400,000",豐原區,113
120.7248421366885,24.24416783803241,7,52.79,住宅大樓(11層含以上有電梯),住家用,十二層/十四層,3房2廳2衛,有,有,1,"16,750,000",豐原區,113
120.72652595582153,24.239602094067063,25,51.71,華廈(10層含以下有電梯),住家用,五層/八層,3房2廳2衛,有,有,1,"12,500,000",豐原區,113
120.70853532724321,24.2439478726155,7,39.58,住宅大樓(11層含以上有電梯),住家用,二層/十二層,2房2廳2衛,有,有,1,"12,350,000",豐原區,113
120.71836746126378,24.264291125577437,1,43.38,住宅大樓(11層含以上有電梯),商辦用,"一層,二層,見其他登記事項/十一層",1房2廳2衛,有,有,1,"23,500,000",豐原區,113
120.72854348629944,24.244770421875685,21,36.76,華廈(10層含以下有電梯),住家用,八層/九層,3房2廳2衛,有,有,1,"10,500,000",豐原區,113
120.70878247685849,24.24352395885785,3,50.56,透天厝,住家用,全/三層,2房2廳2衛,無,無,0,"18,650,000",豐原區,113
120.72403905601604,24.25125432508391,51,27.35,透天厝,住家用,全/二層,3房1廳1衛,無,無,0,"4,850,000",豐原區,113
120.70012481475588,24.235904552893878,2,56.47,透天厝,住家用,全/三層,4房5廳5衛,有,無,0,"17,000,000",豐原區,113
120.71745932364902,24.256298599607295,56,26.37,透天厝,住家用,全/二層,4房2廳2衛,無,無,0,"12,900,000",豐原區,113
120.72088244826516,24.244639172367638,30,36.07,華廈(10層含以下有電梯),住家用,五層/九層,3房2廳2衛,有,有,0,"8,000,000",豐原區,113
120.71423419298893,24.24078039679038,1,99.86,透天厝,住家用,全/四層,7房3廳8衛,有,無,0,"38,000,000",豐原區,113
120.72847464048569,24.22152001108585,43,26.90,透天厝,住家用,全/二層,4房2廳2衛,無,無,0,"3,280,000",豐原區,113
120.70995539196404,24.243047668492128,55,25.23,透天厝,住家用,全/二層,4房2廳2衛,無,無,0,"5,880,000",豐原區,113
120.7209606155973,24.240404621386485,,50.81,透天厝,住家用,全/三層,4房3廳5衛,無,無,0,"16,940,000",豐原區,113
120.730033571956,24.229287937460718,42,29.22,透天厝,住家用,全/二層,3房2廳2衛,無,無,0,"5,900,000",豐原區,113
120.71909945280872,24.244915801727505,31,28.47,華廈(10層含以下有電梯),商業用,"一層,騎樓,地下層/七層",,有,無,0,"8,150,000",豐原區,113
120.71537827632521,24.25324283997037,32,14.96,華廈(10層含以下有電梯),住家用,四層/五層,1房1廳1衛,有,有,0,"2,600,000",豐原區,113
120.72559430119958,24.26077390930656,32,52.08,透天厝,住家用,全/四層,4房3廳3衛,無,無,0,"13,000,000",豐原區,113
120.72263904278304,24.23836708758586,48,33.31,透天厝,住家用,全/二層,6房2廳1衛,無,無,0,"8,000,000",豐原區,113
120.71223206265377,24.259692806599855,19,56.37,透天厝,商業用,全/四層,5房3廳3衛,無,無,0,"23,800,000",豐原區,113
120.73929496919669,24.25055889087185,31,44.80,透天厝,住家用,全/三層,5房2廳3衛,無,無,0,"14,800,000",豐原區,113
120.71843949480939,24.25394378989522,27,25.90,華廈(10層含以下有電梯),住家用,八層/九層,2房1廳1衛,有,有,0,"5,950,000",豐原區,113
120.72574085973771,24.25672909961711,14,19.72,華廈(10層含以下有電梯),辦公用,六層/九層,2房2廳2衛,有,有,0,"6,700,000",豐原區,113
120.70138537759176,24.244268078515198,29,32.92,華廈(10層含以下有電梯),住家用,三層/九層,3房2廳2衛,有,有,0,"6,700,000",豐原區,113
120.70881103657733,24.25260740445908,4,101.62,透天厝,住家用,全/四層,4房3廳6衛,有,無,0,"38,000,000",豐原區,113
120.7102022692421,24.242741142146247,34,53.95,透天厝,住家用,全/三層,8房3廳3衛,無,無,0,"16,000,000",豐原區,113
120.74683152426404,24.264016118134094,1,49.07,透天厝,住家用,全/三層,4房3廳5衛,有,無,0,"21,600,000",豐原區,113
120.734803135081,24.241630258354384,8,76.25,透天厝,住家用,全/三層,4房3廳6衛,有,無,0,"24,100,000",豐原區,113
120.70615751638154,24.241658905385624,43,31.19,透天厝,住家用,全/二層,5房3廳3衛,無,無,0,"8,880,000",豐原區,113
120.7202896646135,24.250028534473376,26,11.27,華廈(10層含以下有電梯),住家用,四層/六層,1房1衛,有,無,0,"2,865,000",豐原區,113
120.71504913380468,24.2595265615329,31,25.57,華廈(10層含以下有電梯),住家用,二層/七層,3房2廳2衛,有,有,0,"6,200,000",豐原區,113
120.7180720385742,24.23746479275175,34,60.07,透天厝,住家用,全/三層,5房3廳2衛,無,無,0,"11,000,000",豐原區,113
120.72577300656116,24.25092337670295,55,26.19,透天厝,住家用,全/二層,4房2廳3衛,無,無,0,"10,000,000",豐原區,113
120.72252135971024,24.251766225845174,27,10.69,住宅大樓(11層含以上有電梯),住家用,六層/十三層,1房1衛,有,有,0,"2,600,000",豐原區,113
120.69954859407959,24.246467596762287,28,48.90,透天厝,住商用,全/四層,5房2廳4衛,無,無,0,"16,200,000",豐原區,113
120.70672584088526,24.238590065330815,25,30.08,華廈(10層含以下有電梯),住家用,九層/九層,3房2廳2衛,有,有,0,"8,600,000",豐原區,113
120.72181348349942,24.264803100355152,3,73.19,透天厝,住家用,全/四層,4房3廳5衛,無,有,0,"25,300,000",豐原區,113
120.70133167196957,24.246182168262063,37,42.15,透天厝,住家用,全/二層,4房2廳4衛,無,無,0,"10,650,000",豐原區,113
120.71761273150821,24.249265133936312,27,53.56,透天厝,住家用,全/五層,3房2廳3衛,無,無,0,"14,800,000",豐原區,113
120.75061104457605,24.265286452943503,46,28.43,透天厝,住家用,全/二層,2房2廳2衛,無,無,0,"8,600,000",豐原區,113
120.71928921444665,24.26613478096519,51,29.83,透天厝,住家用,全/二層,3房1廳2衛,無,無,0,"8,100,000",豐原區,113
120.72311142337166,24.26123894126858,28,10.40,住宅大樓(11層含以上有電梯),住家用,十七層/二十層,1房1衛,有,有,0,"2,080,000",豐原區,113
120.7274622314862,24.243847498285177,5,55.09,透天厝,住家用,全/四層,4房3廳3衛,無,無,0,"20,580,000",豐原區,113
120.70569818843403,24.240141107506513,50,26.14,透天厝,住家用,全/二層,3房2廳1衛,無,無,0,"9,000,000",豐原區,113
120.73692527040456,24.24878508999387,9,88.53,透天厝,住家用,全/四層,6房2廳7衛,有,無,0,"29,000,000",豐原區,113
120.72441782431281,24.24457338485385,23,28.78,住宅大樓(11層含以上有電梯),住家用,三層/十四層,3房1廳1衛,有,有,0,"7,000,000",豐原區,113
120.7012188362808,24.248114199622012,7,66.94,住宅大樓(11層含以上有電梯),住家用,九層/十二層,4房2廳2衛,有,有,1,"21,600,000",豐原區,113
120.72236569241292,24.241815741342727,26,36.27,華廈(10層含以下有電梯),住家用,九層/九層,3房2廳2衛,有,有,1,"8,460,000",豐原區,113
120.71023239173543,24.238136294081542,33,104.28,住宅大樓(11層含以上有電梯),住家用,十四層/十六層,4房2廳3衛,有,有,2,"15,500,000",豐原區,113
120.72660527217562,24.239349412908677,26,30.63,華廈(10層含以下有電梯),住家用,六層/八層,3房2廳1衛,有,有,1,"7,200,000",豐原區,113
120.72854348629944,24.244770421875685,21,47.04,華廈(10層含以下有電梯),住家用,三層/九層,4房2廳2衛,有,有,1,"11,500,000",豐原區,113
120.72841863156216,24.257194391984587,5,29.96,住宅大樓(11層含以上有電梯),住家用,三層/十五層,2房1廳1衛,有,有,1,"11,200,000",豐原區,113
120.7248421366885,24.24416783803241,7,71.97,住宅大樓(11層含以上有電梯),商業用,"一層,見其他登記事項/十四層",2房2廳1衛,有,有,1,"21,500,000",豐原區,113
120.72574085973771,24.25672909961711,14,22.61,華廈(10層含以下有電梯),辦公用,八層/九層,2房1廳2衛,有,有,1,"7,550,000",豐原區,113
120.70170031878807,24.248566602776947,31,32.49,住宅大樓(11層含以上有電梯),住家用,六層/十六層,3房2廳2衛,有,有,1,"7,500,000",豐原區,113
120.71846784646226,24.25448560497062,16,37.74,住宅大樓(11層含以上有電梯),住家用,九層/十二層,3房2廳2衛,有,有,1,"11,000,000",豐原區,113
120.72213099177493,24.254663888778925,20,84.07,住宅大樓(11層含以上有電梯),住家用,十二層/十四層,4房2廳3衛,有,有,1,"18,300,000",豐原區,113
120.7286714894172,24.254061700845636,30,29.93,華廈(10層含以下有電梯),住家用,九層/九層,3房2廳2衛,有,有,1,"8,000,000",豐原區,113
120.7228969194419,24.255694608255276,7,43.45,住宅大樓(11層含以上有電梯),住家用,十二層/十二層,2房2廳2衛,有,有,1,"14,200,000",豐原區,113
120.72311142337166,24.26123894126858,28,12.83,住宅大樓(11層含以上有電梯),住家用,十四層/二十層,1房1廳1衛,有,有,1,"2,300,000",豐原區,113
120.72315102537232,24.247496547652702,18,67.08,住宅大樓(11層含以上有電梯),住家用,五層/十四層,4房2廳2衛,有,有,1,"22,800,000",豐原區,113
120.72561967043582,24.25354156592176,5,46.97,住宅大樓(11層含以上有電梯),住家用,十層/十二層,3房2廳2衛,有,有,1,"15,000,000",豐原區,113
120.72795327141492,24.249103381590615,19,51.53,住宅大樓(11層含以上有電梯),住家用,十八層/二十二層,5房2廳2衛,有,有,1,"13,200,000",豐原區,113
120.713859391192,24.254260298621215,11,42.66,住宅大樓(11層含以上有電梯),住家用,十二層/十四層,2房2廳2衛,有,有,1,"12,500,000",豐原區,113
120.72574085973771,24.25672909961711,14,28.42,華廈(10層含以下有電梯),辦公用,二層/九層,3房2廳2衛,有,有,1,"8,600,000",豐原區,113
120.72671184462708,24.25399499092897,28,31.06,華廈(10層含以下有電梯),住家用,十層/十層,2房1廳1衛,有,有,1,"5,200,000",豐原區,113
120.71514173391444,24.25774797144366,1,46.29,住宅大樓(11層含以上有電梯),住家用,十三層/十五層,3房2廳2衛,有,有,1,"17,890,000",豐原區,113
120.72795327141492,24.249103381590615,19,68.19,住宅大樓(11層含以上有電梯),住家用,七層/二十二層,4房2廳2衛,有,有,1,"15,000,000",豐原區,113
120.72178388345995,24.24219390676759,8,46.10,住宅大樓(11層含以上有電梯),住家用,七層/十一層,3房2廳2衛,有,有,1,"15,000,000",豐原區,113
120.71831196817101,24.267126180528752,2,34.94,透天厝,住家用,全/三層,3房2廳4衛,無,無,0,"15,600,000",豐原區,113
120.70807686677979,24.250664714938228,24,35.29,住宅大樓(11層含以上有電梯),住家用,十五層/十六層,3房2廳2衛,有,有,0,"8,800,000",豐原區,113
120.71923044137132,24.239074134330696,35,57.20,透天厝,住商用,全/三層,5房3廳3衛,無,無,0,"17,600,000",豐原區,113
120.73489981999464,24.270993414497788,40,41.60,透天厝,農業用,全/一層,6房3廳2衛,無,無,0,"33,200,000",豐原區,113
120.72252135971024,24.251766225845174,27,16.47,住宅大樓(11層含以上有電梯),住家用,五層/十三層,1房1廳1衛,有,有,0,"2,750,000",豐原區,113
120.71631001088876,24.241651082521663,31,136.75,華廈(10層含以下有電梯),住商用,"一層,二層,騎樓/六層",3房3廳2衛,有,有,0,"12,880,000",豐原區,113
120.72133684507173,24.243989910779696,46,33.46,透天厝,住家用,全/二層,,無,無,0,"12,500,000",豐原區,113
120.72258140714868,24.251323905224215,32,10.96,公寓(5樓含以下無電梯),住家用,四層/五層,1房1衛,無,無,0,"2,930,000",豐原區,113
120.72202171963556,24.25509709037734,29,9.28,華廈(10層含以下有電梯),住家用,八層/十層,1房1廳1衛,有,有,0,"2,500,000",豐原區,113
120.72202171963556,24.25509709037734,29,9.28,華廈(10層含以下有電梯),住家用,八層/十層,1房1廳1衛,有,有,0,"2,400,000",豐原區,113
120.74148640955701,24.26259857455337,3,69.28,透天厝,住家用,全/四層,5房3廳4衛,無,無,0,"23,500,000",豐原區,113
120.72912825323425,24.229033505737153,7,58.05,透天厝,住家用,全/四層,4房2廳5衛,無,有,0,"20,300,000",豐原區,113
120.72311142337166,24.26123894126858,28,24.75,住宅大樓(11層含以上有電梯),住家用,十層/二十層,2房1廳1衛,有,有,0,"6,200,000",豐原區,113
120.72252135971024,24.251766225845174,27,8.19,住宅大樓(11層含以上有電梯),住家用,七層/十三層,1房1衛,有,有,0,"2,500,000",豐原區,113
120.71998043905468,24.242831679457826,29,30.73,華廈(10層含以下有電梯),住家用,一層/七層,3房2衛,有,有,0,"5,500,000",豐原區,113
120.71998043905468,24.242831679457826,29,24.11,華廈(10層含以下有電梯),住家用,一層/七層,1房1廳,有,有,0,"3,900,000",豐原區,113
120.71967075574993,24.24934117067484,48,210.56,透天厝,住家用,全/四層,20房4廳8衛,無,無,0,"62,000,000",豐原區,113
120.70626231136453,24.24748293977611,1,54.83,透天厝,住家用,全/四層,4房3廳4衛,無,無,0,"25,000,000",豐原區,113
120.74332630577167,24.263513638708947,49,32.81,透天厝,住家用,全/二層,,無,無,0,"4,880,000",豐原區,113
120.70601591344852,24.247572767552267,1,64.71,透天厝,住家用,全/五層,4房3廳4衛,無,無,0,"24,500,000",豐原區,113
120.72252135971024,24.251766225845174,27,16.13,住宅大樓(11層含以上有電梯),住家用,九層/十三層,1房1衛,有,有,0,"2,750,000",豐原區,113
120.72195123148853,24.264866554437955,3,73.75,透天厝,住家用,全/四層,4房3廳5衛,有,無,0,"26,500,000",豐原區,113
120.7296012076909,24.224212727848617,43,34.82,透天厝,住商用,全/二層,4房3廳3衛,無,無,0,"12,500,000",豐原區,113
120.71965528564783,24.238424823163548,35,43.73,透天厝,住家用,全/三層,3房2廳2衛,無,無,0,"16,500,000",豐原區,113
120.7243233379453,24.26099734797689,53,17.91,透天厝,住家用,全/一層,2房2廳1衛,無,無,0,"7,380,000",豐原區,113
120.71813502109516,24.24910356765021,46,390.64,華廈(10層含以下有電梯),商業用,八層/八層,41房41衛,有,有,0,"28,000,000",豐原區,113
120.72952808671616,24.25415352996715,45,64.49,透天厝,住商用,全/三層,3房2廳3衛,無,無,0,"3,400,000",豐原區,113
120.70751138816192,24.2524785071318,25,75.39,透天厝,住家用,全/四層,6房3廳4衛,無,無,0,"15,380,000",豐原區,113
120.73899834830242,24.260788472569573,50,24.20,透天厝,住家用,全/二層,2房2廳2衛,無,無,0,"2,200,000",豐原區,113
120.70170031878807,24.248566602776947,31,29.58,住宅大樓(11層含以上有電梯),住家用,五層/十六層,3房2廳2衛,有,有,0,"6,280,000",豐原區,113
120.71939054126562,24.251381255639576,50,17.64,公寓(5樓含以下無電梯),住家用,"四層,騎樓/四層",2房2廳1衛,無,無,0,"1,500,000",豐原區,113
120.70609502637346,24.24742844350681,1,54.83,透天厝,住家用,全/四層,4房3廳4衛,無,無,0,"25,200,000",豐原區,113
120.74120077919677,24.257740366461544,52,31.58,透天厝,住家用,全/二層,3房2廳1衛,無,無,0,"7,250,000",豐原區,113
120.72441782431281,24.24457338485385,22,19.44,住宅大樓(11層含以上有電梯),住家用,九層/十四層,3房2廳1衛,有,有,0,"6,400,000",豐原區,113
120.70230572497867,24.23808488128041,48,14.52,透天厝,住家用,全/一層,4房2廳2衛,無,無,0,"9,100,000",豐原區,113
120.7293268941062,24.251498575479783,50,32.94,透天厝,住家用,全/二層,5房1廳2衛,無,無,0,"11,000,000",豐原區,113
120.72405725360844,24.238252275024685,31,24.63,華廈(10層含以下有電梯),住家用,一層/五層,3房2廳1衛,有,無,0,"6,000,000",豐原區,113
120.72547078001689,24.244909371678144,36,37.18,透天厝,住家用,全/二層,5房3廳2衛,無,無,0,"16,300,000",豐原區,113
120.70868556615022,24.242837563979894,54,8.26,透天厝,住家用,全/一層,5房1廳2衛,無,無,0,"4,500,000",豐原區,113
120.70061145128213,24.246758630438688,29,71.61,華廈(10層含以下有電梯),住商用,"一層,二層,騎樓/七層",2房2廳2衛,有,有,0,"11,130,001",豐原區,113
120.70061145128213,24.246758630438688,29,50.00,華廈(10層含以下有電梯),住商用,"一層,二層,騎樓/七層",2房2廳1衛,有,有,0,"8,589,999",豐原區,113
120.72770434789986,24.250385097547564,33,35.27,華廈(10層含以下有電梯),住家用,三層/五層,3房2廳2衛,有,有,0,"7,500,000",豐原區,113
120.73227817696996,24.248280365601957,39,30.25,透天厝,住家用,全/二層,4房2廳2衛,無,無,0,"11,880,000",豐原區,113
120.72637289275967,24.255917608461974,28,20.98,華廈(10層含以下有電梯),住家用,四層/八層,2房2廳1衛,有,有,0,"6,880,000",豐原區,113
120.72787106989824,24.250710435690387,35,32.58,公寓(5樓含以下無電梯),住家用,四層/五層,3房2廳2衛,無,有,0,"6,700,000",豐原區,113
120.72764633747164,24.24987934637125,29,28.62,住宅大樓(11層含以上有電梯),住家用,九層/十二層,2房2廳1衛,有,有,0,"5,800,000",豐原區,113
120.70770358359094,24.241634796052196,46,33.46,透天厝,住家用,全/二層,3房3廳2衛,無,無,0,"10,500,000",豐原區,113
120.72851804022062,24.252120157179796,41,27.05,公寓(5樓含以下無電梯),住家用,三層/四層,3房2廳2衛,無,無,0,"6,800,000",豐原區,113
120.70930750107391,24.237818504917282,55,27.78,透天厝,住家用,全/二層,2房2廳1衛,無,無,0,"4,800,000",豐原區,113
120.70692131510087,24.252125230560967,20,13.79,透天厝,住家用,全/一層,2衛,無,無,0,"39,000,000",豐原區,113
120.72315102537232,24.247496547652702,18,58.47,住宅大樓(11層含以上有電梯),住家用,九層/十四層,4房2廳2衛,有,有,1,"19,000,000",豐原區,113
120.70188755106581,24.24428712085063,30,40.67,華廈(10層含以下有電梯),住家用,七層/九層,3房2廳1衛,有,有,1,"9,080,000",豐原區,113
120.72561967043582,24.25354156592176,5,33.58,住宅大樓(11層含以上有電梯),住家用,三層/十二層,2房1廳1衛,有,有,1,"6,800,000",豐原區,113
120.70720991176249,24.255114447887195,29,201.19,華廈(10層含以下有電梯),商辦用,"一層,二層,騎樓/十層",3廳1衛,有,有,2,"36,600,000",豐原區,113
120.7283766675209,24.24913122468402,30,38.88,華廈(10層含以下有電梯),住家用,五層/五層,3房2廳2衛,有,有,1,"7,700,000",豐原區,113
120.71514173391444,24.25774797144366,,43.25,住宅大樓(11層含以上有電梯),住家用,十三層/十五層,4房2廳2衛,有,有,1,"17,880,000",豐原區,113
120.72178388345995,24.24219390676759,8,44.79,住宅大樓(11層含以上有電梯),住家用,四層/十一層,3房2廳2衛,有,有,1,"13,880,000",豐原區,113
120.71520614258378,24.242091450752383,30,25.26,住宅大樓(11層含以上有電梯),住家用,三層/十二層,2房2廳1衛,有,有,1,"5,610,000",豐原區,113
120.72870859955165,24.25049523816013,7,43.66,住宅大樓(11層含以上有電梯),住家用,十二層/十二層,3房2廳2衛,有,有,1,"14,950,000",豐原區,113
120.72178388345995,24.24219390676759,8,37.90,住宅大樓(11層含以上有電梯),住家用,九層/十一層,2房2廳1衛,有,有,1,"11,850,000",豐原區,113
120.70672584088526,24.238590065330815,25,43.19,華廈(10層含以下有電梯),住家用,三層/九層,3房2廳2衛,有,有,1,"9,080,000",豐原區,113
120.71520614258378,24.242091450752383,30,40.46,住宅大樓(11層含以上有電梯),住家用,十層/十二層,3房2廳2衛,有,有,1,"10,100,000",豐原區,113
120.72315102537232,24.247496547652702,18,58.47,住宅大樓(11層含以上有電梯),住家用,十一層/十四層,3房2廳2衛,有,有,1,"18,500,000",豐原區,113
120.72236569241292,24.241815741342727,25,37.18,華廈(10層含以下有電梯),住家用,七層/九層,3房2廳2衛,有,有,1,"8,900,000",豐原區,113
120.73583047421734,24.249604851821736,32,39.62,華廈(10層含以下有電梯),住家用,二層/五層,3房2廳2衛,有,有,1,"5,000,000",豐原區,113
120.7132818017058,24.248327015193112,24,38.71,華廈(10層含以下有電梯),住家用,五層/五層,3房2廳2衛,有,有,1,"7,680,000",豐原區,113
120.72911769673344,24.25262685853496,18,43.20,住宅大樓(11層含以上有電梯),住家用,十三層/十三層,4房2廳2衛,有,有,1,"13,000,000",豐原區,113
120.74612326271138,24.263581535665008,,32.08,住宅大樓(11層含以上有電梯),住家用,二層/十二層,3房2廳2衛,有,有,1,"9,100,000",豐原區,113
120.71846784646226,24.25448560497062,16,36.73,住宅大樓(11層含以上有電梯),住家用,七層/十二層,2房2廳1衛,有,有,1,"9,900,000",豐原區,113
120.70919313248538,24.24048190892204,4,45.52,住宅大樓(11層含以上有電梯),住家用,十層/十二層,3房2廳2衛,有,有,1,"15,500,000",豐原區,113
120.74648681199646,24.264015543909142,4,40.68,住宅大樓(11層含以上有電梯),住家用,七層/十二層,3房2廳2衛,有,有,1,"12,350,000",豐原區,113
120.71537716033514,24.240466512974553,33,31.79,華廈(10層含以下有電梯),住家用,七層/七層,2房2廳2衛,有,有,1,"7,150,000",豐原區,113
120.72962624367804,24.25430719550664,1,122.68,住宅大樓(11層含以上有電梯),住商用,"一層,二層,三層,四層,地下一層,見其他登記事項/十五層",3房3廳4衛,有,有,2,"33,600,000",豐原區,113
120.70529041388062,24.237621173445525,12,80.06,透天厝,住家用,全/四層,4房3廳3衛,有,無,0,"31,000,000",豐原區,113
120.7231415424419,24.256426422941153,61,17.62,透天厝,住家用,全/二層,2房2廳2衛,無,無,0,"7,325,000",豐原區,113
120.7171494905902,24.25389625249784,46,50.23,透天厝,住商用,全/三層,5房3廳3衛,無,無,0,"14,600,000",豐原區,113
120.74554153158059,24.258957606169695,3,48.12,透天厝,住家用,全/二層,4房3廳6衛,無,有,0,"16,000,000",豐原區,113
120.71744082320394,24.237924110016774,46,59.28,透天厝,住商用,全/二層,7房3廳4衛,無,無,0,"10,700,000",豐原區,113
120.70170031878807,24.248566602776947,31,29.58,住宅大樓(11層含以上有電梯),住家用,四層/十六層,3房2廳2衛,有,有,0,"7,100,000",豐原區,113
120.72300287100043,24.238602501100246,48,36.81,透天厝,住家用,全/二層,3房4廳3衛,無,無,0,"9,450,000",豐原區,113
120.7137404008691,24.23261705058662,29,37.97,透天厝,其他,全/三層,4房2廳3衛,無,無,0,"11,111,111",豐原區,113
120.71377976659251,24.23262615348422,29,38.45,透天厝,其他,全/三層,4房2廳3衛,無,無,0,"11,111,111",豐原區,113
120.7174039200873,24.245716262502064,,17.89,華廈(10層含以下有電梯),住家用,四層/五層,1房1廳1衛,有,有,0,"5,880,000",豐原區,113
120.7174039200873,24.245716262502064,,17.89,華廈(10層含以下有電梯),住家用,五層/五層,1房1廳1衛,有,有,0,"5,880,000",豐原區,113
120.7174039200873,24.245716262502064,,17.89,華廈(10層含以下有電梯),住家用,二層/五層,1房1廳1衛,有,有,0,"5,880,000",豐原區,113
120.7174039200873,24.245716262502064,,17.93,華廈(10層含以下有電梯),住家用,三層/五層,1房1廳1衛,有,有,0,"5,880,000",豐原區,113
120.7174039200873,24.245716262502064,,17.89,華廈(10層含以下有電梯),住家用,三層/五層,1房1廳1衛,有,有,0,"5,880,000",豐原區,113
120.72449614677747,24.240212412232708,35,47.88,透天厝,住家用,全/二層,5房3廳3衛,無,無,0,"18,750,000",豐原區,113
120.71148839791864,24.240088991903296,53,49.79,透天厝,住家用,全/二層,3房5廳3衛,無,無,0,"19,500,000",豐原區,113
120.72441782431281,24.24457338485385,22,26.83,住宅大樓(11層含以上有電梯),住家用,三層/十四層,3房2廳2衛,有,有,0,"7,300,000",豐原區,113
120.70705422281208,24.25429249081465,35,26.72,公寓(5樓含以下無電梯),住商用,"一層,二層/五層",3房2廳2衛,無,無,0,"6,000,000",豐原區,113
120.71064486477671,24.24297673510415,29,10.27,華廈(10層含以下有電梯),住家用,二層/五層,1房1廳,有,有,0,"1,800,000",豐原區,113
120.70807392243265,24.247639931994843,43,73.03,透天厝,住商用,全/四層,5房3廳3衛,無,無,0,"19,680,000",豐原區,113
120.71649586969306,24.25998072382321,8,65.63,透天厝,住商用,全/四層,5房1廳3衛,無,無,0,"22,000,000",豐原區,113
120.73645163806096,24.27312700450493,31,103.70,透天厝,住家用,全/三層,5房3廳3衛,無,無,0,"31,220,000",豐原區,113
120.70744814843289,24.254293248869285,35,19.75,公寓(5樓含以下無電梯),住家用,五層/五層,2房2廳1衛,無,無,0,"5,000,000",豐原區,113
120.71793570441368,24.245708220285717,39,37.52,透天厝,住家用,全/二層,4房1廳3衛,無,無,0,"6,080,000",豐原區,113
120.72574085973771,24.25672909961711,14,19.31,華廈(10層含以下有電梯),辦公用,三層/九層,1房2廳2衛,有,有,0,"6,300,000",豐原區,113
120.70715370219698,24.245254451550704,36,61.91,透天厝,住商用,全/三層,4房2廳3衛,無,無,0,"14,880,000",豐原區,113
120.71712509569447,24.247115280334295,56,44.72,透天厝,商業用,全/三層,4房2廳2衛,無,無,0,"9,750,000",豐原區,113
120.7096213632854,24.242703904425504,54,26.47,透天厝,住家用,全/二層,3房2廳1衛,無,無,0,"7,600,000",豐原區,113
120.73477582314815,24.2500544763464,40,38.97,透天厝,住家用,全/二層,4房2廳2衛,無,無,0,"12,500,000",豐原區,113
120.70773565029619,24.244840227253448,49,64.85,透天厝,住商用,全/三層,4房3廳3衛,有,無,0,"20,000,000",豐原區,113
120.72120420770243,24.26869356666093,51,138.54,透天厝,工業用,全/二層,,無,無,0,"64,200,000",豐原區,113
120.73353582338859,24.249655023772895,35,47.80,透天厝,住家用,全/三層,5房2廳2衛,無,無,0,"11,700,000",豐原區,113
120.72263904278304,24.23836708758586,48,16.65,透天厝,住家用,全/二層,6房2廳1衛,無,無,0,"3,750,000",豐原區,113
120.71133242863004,24.248115665208044,63,29.16,透天厝,住家用,全/二層,2房1廳2衛,無,無,0,"8,800,000",豐原區,113
120.72172275167783,24.25218913955787,30,9.30,華廈(10層含以下有電梯),住家用,三層/十層,1房1廳1衛,有,有,0,"2,500,000",豐原區,113
120.7229423652393,24.257446368711,35,15.49,透天厝,住家用,全/三層,6房3廳3衛,無,無,0,"1,700,000",豐原區,113
120.70976086330731,24.241981845603167,34,35.94,公寓(5樓含以下無電梯),住家用,四層/五層,3房2廳2衛,無,無,0,"4,400,000",豐原區,113
120.7224160402729,24.254917217870172,44,70.89,透天厝,住商用,全/五層,,無,無,0,"4,970,000",豐原區,113
120.7143973342771,24.260328938994274,5,17.10,華廈(10層含以下有電梯),住家用,一層/七層,1房1廳1衛,有,無,0,"6,100,000",豐原區,113
120.72894639025574,24.221918137358344,43,26.90,透天厝,住家用,全/二層,5房2廳2衛,無,無,0,"9,200,000",豐原區,113
120.70170031878807,24.248566602776947,31,27.12,住宅大樓(11層含以上有電梯),住家用,十層/十六層,3房2廳2衛,有,有,0,"6,400,000",豐原區,113
120.72868826793945,24.24615214421536,48,58.33,透天厝,住商用,全/二層,3房2廳2衛,無,無,0,"22,000,000",豐原區,113
120.74557145541644,24.263716046926103,6,56.99,透天厝,住家用,全/四層,4房2廳4衛,無,無,0,"12,000,000",豐原區,113
120.70170031878807,24.248566602776947,31,29.61,住宅大樓(11層含以上有電梯),住家用,五層/十六層,3房2廳2衛,有,有,0,"6,200,000",豐原區,113
120.71757383889157,24.24903932485781,23,54.66,透天厝,住商用,全/四層,4房2廳4衛,無,無,0,"14,280,000",豐原區,113
120.73423107928457,24.246812035804492,2,83.91,透天厝,住家用,全/四層,3房3廳4衛,有,無,0,"34,000,000",豐原區,113
120.70672584088526,24.238590065330815,25,37.81,華廈(10層含以下有電梯),住家用,六層/九層,3房2廳2衛,有,有,0,"8,000,000",豐原區,113
120.72938097589544,24.244555205391006,48,27.52,透天厝,住家用,全/二層,3房2廳2衛,無,無,0,"8,800,000",豐原區,113
120.71864761076402,24.257826742405513,22,31.93,住宅大樓(11層含以上有電梯),住家用,二層/十四層,2房2廳2衛,有,有,0,"8,580,000",豐原區,113
120.72842900567774,24.25230960486334,4,29.04,住宅大樓(11層含以上有電梯),住商用,"一層,見其他登記事項/十二層",,有,有,0,"6,400,000",豐原區,113
120.72252135971024,24.251766225845174,27,10.54,住宅大樓(11層含以上有電梯),住家用,五層/十三層,1房1衛,有,有,0,"2,800,000",豐原區,113
120.73252715123554,24.24224025450312,1,72.13,透天厝,住家用,全/四層,4房3廳5衛,無,無,0,"26,800,000",豐原區,113
120.72923566282843,24.252726386271483,31,88.00,住宅大樓(11層含以上有電梯),商業用,地下層/十二層,,有,有,0,"3,000,000",豐原區,113
120.72392985630961,24.256220191343232,39,24.77,公寓(5樓含以下無電梯),住家用,三層/五層,3房2廳1衛,無,無,0,"4,550,000",豐原區,113
120.71438382965708,24.257556943798814,39,24.11,透天厝,住商用,全/二層,4房2廳3衛,無,無,0,"10,000,000",豐原區,113
120.7261693581711,24.249786406498202,51,38.93,透天厝,住家用,全/二層,3房4廳3衛,無,無,0,"15,800,000",豐原區,113
120.72172275167783,24.25218913955787,30,9.30,華廈(10層含以下有電梯),住家用,八層/十層,1房1衛,有,有,0,"2,500,000",豐原區,113
120.70807686677979,24.250664714938228,24,39.75,住宅大樓(11層含以上有電梯),住家用,十六層/十六層,4房2廳2衛,有,有,0,"8,230,000",豐原區,113
120.71250330094553,24.24418114269875,23,60.98,透天厝,其他,全/四層,6房3廳4衛,無,無,0,"17,500,000",豐原區,113
120.72508322485086,24.269441027419827,30,23.59,透天厝,住家用,全/二層,3房2廳3衛,無,無,0,"10,800,000",豐原區,113
120.72591105125974,24.250842365500397,55,26.19,透天厝,住家用,全/二層,4房2廳2衛,無,無,0,"5,400,000",豐原區,113
120.72258482553443,24.25882718074532,46,102.77,透天厝,住工用,全/二層,7房5廳3衛,無,無,0,"14,000,000",豐原區,113
120.7213839630006,24.231394230536637,16,51.89,透天厝,住家用,全/三層,4房3廳3衛,無,有,0,"17,000,000",豐原區,113
120.7070138114646,24.24613904172663,45,31.55,透天厝,住家用,全/二層,4房3廳2衛,無,無,0,"10,300,000",豐原區,113
120.70799019915684,24.24549082469941,28,70.32,透天厝,住家用,全/四層,4房2廳2衛,無,有,0,"3,057,000",豐原區,113
120.72467020363689,24.24627133133848,51,34.68,透天厝,住家用,全/二層,4房3廳2衛,無,無,0,"3,600,000",豐原區,113
120.72863157759052,24.221800201169906,43,26.90,透天厝,住家用,全/二層,4房2廳2衛,無,無,0,"6,500,000",豐原區,113
120.72287237500679,24.271558876023956,5,50.03,透天厝,住家用,全/四層,5房3廳4衛,有,無,0,"17,500,000",豐原區,113
120.71805768734282,24.25291376066614,62,36.08,透天厝,住家用,全/二層,5房1廳1衛,無,無,0,"8,800,000",豐原區,113
120.70795833403632,24.255133944268476,11,122.72,透天厝,住家用,全/四層,4房3廳4衛,有,有,0,"24,000,000",豐原區,113
120.71623209453213,24.241262680567107,30,72.32,住宅大樓(11層含以上有電梯),住家用,七層/十五層,4房1廳2衛,有,有,1,"13,800,000",豐原區,113
120.72626275148825,24.238355590212738,9,31.71,華廈(10層含以下有電梯),住家用,四層/七層,2房2廳1衛,有,有,1,"9,500,000",豐原區,113
120.70927199049896,24.244779968091045,32,39.37,華廈(10層含以下有電梯),住家用,五層/七層,3房2廳2衛,有,有,1,"8,500,000",豐原區,113
120.7228969194419,24.255694608255276,6,32.56,住宅大樓(11層含以上有電梯),住家用,十層/十二層,2房2廳1衛,有,有,1,"11,360,000",豐原區,113
120.72324107702941,24.24228686748137,18,54.68,透天厝,其他,全/四層,4房1廳3衛,無,無,1,"17,100,000",豐原區,113
120.74612326271138,24.263581535665008,,39.61,住宅大樓(11層含以上有電梯),住家用,六層/十二層,3房2廳2衛,有,有,1,"7,900,000",豐原區,113
120.70807686677979,24.250664714938228,23,30.67,住宅大樓(11層含以上有電梯),住家用,八層/十六層,2房2廳1衛,有,有,1,"7,600,000",豐原區,113
120.7302946721237,24.245559078571915,,49.72,住宅大樓(11層含以上有電梯),住家用,"十二層,見其他登記事項/十二層",3房2廳2衛,有,無,1,"15,900,000",豐原區,113
120.72621071576843,24.239664729491125,21,35.07,華廈(10層含以下有電梯),住家用,四層/八層,4房2廳2衛,有,有,1,"10,300,000",豐原區,113
120.72621071576843,24.239664729491125,21,41.36,華廈(10層含以下有電梯),住家用,八層/八層,3房2廳2衛,有,有,1,"11,300,000",豐原區,113
120.70170031878807,24.248566602776947,31,33.30,住宅大樓(11層含以上有電梯),住家用,六層/十六層,3房2廳2衛,有,有,1,"7,000,000",豐原區,113
120.72231628805024,24.260036605639723,2,34.93,住宅大樓(11層含以上有電梯),住家用,十五層/十五層,2房1廳1衛,有,有,1,"12,000,000",豐原區,113
120.71514173391444,24.25774797144366,,50.01,住宅大樓(11層含以上有電梯),住家用,七層/十五層,3房2廳2衛,有,有,1,"18,800,000",豐原區,113
120.70672584088526,24.238590065330815,24,48.58,華廈(10層含以下有電梯),住家用,七層/九層,4房2廳2衛,有,有,1,"10,250,000",豐原區,113
120.72311142337166,24.26123894126858,28,35.42,住宅大樓(11層含以上有電梯),住家用,十四層/二十層,3房2廳2衛,有,有,1,"8,050,000",豐原區,113
120.7093737069794,24.252021588578717,6,46.87,住宅大樓(11層含以上有電梯),住家用,十層/十五層,3房2廳2衛,有,有,1,"13,890,000",豐原區,113
120.72188952238493,24.22983308391003,10,50.26,透天厝,住家用,全/四層,3房2廳3衛,無,無,0,"16,800,000",豐原區,113
120.73327988367774,24.23543354117225,10,54.01,透天厝,住家用,全/四層,4房2廳2衛,無,無,0,"13,000,000",豐原區,113
120.71797077824357,24.25659751664284,72,21.92,透天厝,住商用,全/一層,4房2廳2衛,無,無,0,"6,500,000",豐原區,113
120.7202896646135,24.250028534473376,26,13.20,華廈(10層含以下有電梯),住家用,五層/六層,1房1廳1衛,有,有,0,"3,400,000",豐原區,113
120.71455036546524,24.257954541939927,42,56.16,透天厝,住商用,全/二層,3房2廳2衛,無,無,0,"28,790,000",豐原區,113
120.72279583898901,24.243261206212704,4,63.41,透天厝,住家用,全/四層,5房2廳4衛,無,無,0,"23,380,000",豐原區,113
120.71777349283768,24.256741612817837,37,69.62,透天厝,住商用,全/三層,6房2廳4衛,無,無,0,"15,800,000",豐原區,113
120.71146425523597,24.255158692152737,39,57.03,透天厝,住商用,全/三層,8房2廳5衛,無,無,0,"13,800,000",豐原區,113
120.71843643918695,24.25980373600032,50,30.49,透天厝,住家用,全/三層,3房2廳2衛,無,無,0,"8,000,000",豐原區,113
120.71584957029775,24.262742444095778,24,58.20,透天厝,商業用,全/四層,4房2廳3衛,有,有,0,"17,360,000",豐原區,113
120.72319037310659,24.238413235695894,47,32.98,透天厝,住家用,全/二層,3房2廳1衛,無,無,0,"15,000,000",豐原區,113
120.73876340097107,24.260092829774685,49,35.72,透天厝,住家用,全/三層,3房2廳3衛,無,無,0,"10,300,000",豐原區,113
120.74036298723031,24.243517914109802,39,89.02,透天厝,住家用,全/二層,5房2廳3衛,無,無,0,"18,500,000",豐原區,113
120.73128198505435,24.249028036902125,47,56.43,透天厝,住家用,全/二層,3房1廳2衛,無,無,0,"13,500,000",豐原區,113
120.72368456577627,24.25579537359637,45,7.77,公寓(5樓含以下無電梯),住家用,二層/五層,3房2廳1衛,無,有,0,"1,000,000",豐原區,113
120.71197374208319,24.260694552769827,25,108.28,透天厝,住家用,全/四層,4房2廳4衛,無,無,0,"26,800,000",豐原區,113
120.74494001848568,24.254396843817805,24,46.86,透天厝,商業用,全/三層,4房2廳3衛,無,無,0,"7,680,000",豐原區,113
120.71481283086163,24.237413576539517,45,28.71,透天厝,住家用,全/二層,3房2廳2衛,無,無,0,"13,000,000",豐原區,113
120.71537827632521,24.25324283997037,31,21.28,公寓(5樓含以下無電梯),住家用,四層/五層,1房1廳1衛,無,無,0,"3,600,000",豐原區,113
120.72770434789986,24.250385097547564,33,32.08,公寓(5樓含以下無電梯),住家用,一層/五層,3房2廳2衛,無,有,0,"6,900,000",豐原區,113
120.70616454508786,24.238598011619185,23,59.61,透天厝,住商用,全/四層,4房2廳3衛,無,無,0,"24,500,000",豐原區,113
120.72652595582153,24.239602094067063,25,37.87,華廈(10層含以下有電梯),住家用,三層/八層,3房2廳2衛,有,有,0,"7,200,000",豐原區,113
120.72770434789986,24.250385097547564,33,33.64,華廈(10層含以下有電梯),住家用,五層/五層,3房2廳2衛,有,有,0,"6,800,000",豐原區,113
120.71843949480939,24.25394378989522,27,22.08,華廈(10層含以下有電梯),住商用,八層/九層,2房1廳1衛,有,有,0,"4,850,000",豐原區,113
120.71303279040858,24.245193421062854,44,34.35,公寓(5樓含以下無電梯),住家用,"三層,陽台/四層",5房1衛,無,無,0,"5,600,000",豐原區,113
120.71133400297586,24.251781526089786,65,14.86,透天厝,住家用,全/一層,,無,無,0,"10,500,000",豐原區,113
120.74506561470224,24.25561599961252,30,32.02,透天厝,住商用,全/三層,6房2廳6衛,無,無,0,"15,400,000",豐原區,113
120.72172275167783,24.25218913955787,30,9.30,華廈(10層含以下有電梯),住家用,六層/十層,1房1衛,有,有,0,"2,320,000",豐原區,113
120.73186340710836,24.267620196182907,46,31.96,透天厝,住家用,全/二層,3房2廳2衛,無,無,0,"8,200,000",豐原區,113
120.7202896646135,24.250028534473376,26,10.58,華廈(10層含以下有電梯),住家用,四層/六層,1房1衛,有,無,0,"2,710,000",豐原區,113
120.7161204004686,24.247221755792065,45,58.38,透天厝,住家用,全/二層,6房3廳4衛,無,無,0,"24,000,000",豐原區,113
120.71864761076402,24.257826742405513,22,31.93,住宅大樓(11層含以上有電梯),住家用,十二層/十四層,2房2廳2衛,有,有,0,"8,760,000",豐原區,113
120.72077373777324,24.24030494604533,1,83.03,透天厝,住家用,全/四層,4房3廳6衛,有,無,0,"35,000,000",豐原區,113
120.73252728335584,24.242177052525857,1,72.15,透天厝,住家用,全/四層,4房3廳5衛,有,無,0,"28,080,000",豐原區,113
120.70350364907138,24.243802704232774,14,79.65,透天厝,住商用,全/四層,5房4廳6衛,無,無,0,"31,000,000",豐原區,113
120.71467382755911,24.237927976977524,39,47.18,透天厝,住家用,全/二層,6房3廳3衛,無,無,0,"5,900,000",豐原區,113
120.71739120025099,24.24701644222604,55,54.41,透天厝,住家用,全/三層,5房3廳5衛,無,無,0,"8,800,000",豐原區,113
120.7248421366885,24.24416783803241,7,59.88,住宅大樓(11層含以上有電梯),住家用,十層/十四層,3房2廳2衛,有,有,1,"23,000,000",豐原區,113
120.7248421366885,24.24416783803241,7,79.03,住宅大樓(11層含以上有電梯),商業用,"一層,見其他登記事項/十四層",1房2廳1衛,有,有,1,"20,000,000",豐原區,113
120.7248421366885,24.24416783803241,7,51.56,住宅大樓(11層含以上有電梯),商業用,"一層,見其他登記事項/十四層",1房2廳1衛,有,有,1,"12,500,000",豐原區,113
120.7248421366885,24.24416783803241,7,45.61,住宅大樓(11層含以上有電梯),商業用,"一層,見其他登記事項/十四層",1房2廳1衛,有,有,1,"13,500,000",豐原區,113
120.7248421366885,24.24416783803241,7,78.73,住宅大樓(11層含以上有電梯),商業用,"一層,見其他登記事項/十四層",1房2廳1衛,有,有,1,"21,000,000",豐原區,113
120.71918570398034,24.2370244214455,3,40.60,住宅大樓(11層含以上有電梯),住家用,十層/十二層,3房2廳2衛,有,有,1,"12,430,000",豐原區,113
120.72252135971024,24.251766225845174,27,35.08,住宅大樓(11層含以上有電梯),住家用,十三層/十三層,3房2廳2衛,有,有,1,"8,750,000",豐原區,113
120.71530789031355,24.258317131655232,2,36.51,住宅大樓(11層含以上有電梯),住家用,三層/十五層,2房2廳2衛,有,有,1,"11,000,000",豐原區,113
120.71138831856763,24.240802113183552,32,43.44,公寓(5樓含以下無電梯),住家用,二層/五層,3房1廳2衛,無,無,1,"7,700,000",豐原區,113
120.72231628805024,24.260036605639723,2,36.96,住宅大樓(11層含以上有電梯),住家用,七層/十五層,2房2廳1衛,有,有,1,"12,900,000",豐原區,113
120.70807686677979,24.250664714938228,23,43.88,住宅大樓(11層含以上有電梯),住家用,八層/十六層,3房2廳2衛,有,有,1,"9,700,000",豐原區,113
120.70627814883736,24.240584657593043,25,35.47,華廈(10層含以下有電梯),住家用,三層/六層,3房2廳2衛,有,有,1,"8,400,000",豐原區,113
120.70227710842077,24.250382610151075,31,41.65,華廈(10層含以下有電梯),住家用,四層/六層,3房2廳2衛,有,有,1,"2,350,000",豐原區,113
120.72178388345995,24.24219390676759,8,38.93,住宅大樓(11層含以上有電梯),住家用,七層/十一層,2房2廳1衛,有,有,1,"11,350,000",豐原區,113
120.71520614258378,24.242091450752383,30,25.26,住宅大樓(11層含以上有電梯),住家用,三層/十二層,2房2廳1衛,有,有,1,"5,000,000",豐原區,113
120.72854348629944,24.244770421875685,20,36.80,華廈(10層含以下有電梯),住家用,四層/九層,3房2廳2衛,有,有,1,"10,380,000",豐原區,113
120.71843949480939,24.25394378989522,27,4.69,華廈(10層含以下有電梯),商業用,一層/九層,,有,有,1,"1,100,000",豐原區,113
120.72854348629944,24.244770421875685,20,37.71,華廈(10層含以下有電梯),住家用,二層/九層,3房2廳2衛,有,有,1,"9,500,000",豐原區,113
120.7283766675209,24.24913122468402,30,26.65,華廈(10層含以下有電梯),住家用,二層/五層,2房2廳1衛,有,有,1,"6,300,000",豐原區,113
120.72841863156216,24.257194391984587,4,49.38,住宅大樓(11層含以上有電梯),住家用,三層/十五層,3房2廳2衛,有,有,1,"14,500,000",豐原區,113
120.72236569241292,24.241815741342727,25,36.27,華廈(10層含以下有電梯),住家用,九層/九層,3房2廳2衛,有,有,1,"7,500,000",豐原區,113
120.72842900567774,24.25230960486334,4,42.40,住宅大樓(11層含以上有電梯),住家用,八層/十二層,2房2廳2衛,有,有,1,"12,000,000",豐原區,113
120.72621963123017,24.25390381707174,25,33.10,華廈(10層含以下有電梯),住家用,五層/八層,3房2廳1衛,有,有,1,"8,300,000",豐原區,113
120.71514173391444,24.25774797144366,,46.29,住宅大樓(11層含以上有電梯),住家用,八層/十五層,4房2廳2衛,有,有,1,"14,050,000",豐原區,113
120.70005342214503,24.2453579969741,36,29.61,透天厝,住家用,全/二層,4房2廳2衛,無,無,0,"11,800,000",豐原區,113
120.73474277785138,24.25174288043024,16,122.06,透天厝,住家用,全/四層,4房2廳5衛,無,有,0,"12,000,000",豐原區,113
120.70188755106581,24.24428712085063,29,27.68,華廈(10層含以下有電梯),住家用,七層/九層,3房2廳1衛,有,有,0,"6,200,000",豐原區,113
120.70928803073177,24.25072120725073,,93.90,透天厝,住商用,全/五層,6房3廳8衛,有,無,0,"58,880,000",豐原區,113
120.71298337087714,24.24527458775276,39,118.91,透天厝,住商用,全/四層,7房2廳4衛,無,無,0,"13,900,000",豐原區,113
120.70235608623874,24.24606680018585,35,61.83,透天厝,住家用,全/三層,5房2廳3衛,無,無,0,"17,300,000",豐原區,113
120.70667152938981,24.245100017106083,36,55.83,透天厝,住家用,全/三層,7房7衛,無,無,0,"15,500,000",豐原區,113
120.71967573108742,24.23808174845635,35,40.56,透天厝,住家用,全/二層,4房3廳3衛,無,無,0,"14,000,000",豐原區,113
120.72677629106727,24.24226615392653,35,29.57,公寓(5樓含以下無電梯),住家用,一層/五層,3房2廳2衛,無,無,0,"5,000,000",豐原區,113
120.72592227291979,24.250201305162427,53,34.17,透天厝,住家用,全/二層,5房4廳3衛,無,無,0,"12,250,000",豐原區,113
120.70851611930684,24.248056122875557,34,171.94,透天厝,住家用,全/五層,7房4廳9衛,無,無,0,"26,500,000",豐原區,113
120.70847685212347,24.24800187439847,34,180.47,透天厝,住家用,全/五層,7房4廳9衛,無,無,0,"26,500,000",豐原區,113
120.70848705747959,24.243523393239137,53,16.34,透天厝,住家用,全/一層,3房3廳1衛,無,無,0,"6,690,000",豐原區,113
120.70170031878807,24.248566602776947,31,26.72,住宅大樓(11層含以上有電梯),住家用,十五層/十六層,3房2廳2衛,有,有,0,"5,550,000",豐原區,113
120.73256629480902,24.242357713728275,1,72.13,透天厝,住家用,全/四層,4房3廳5衛,有,無,0,"27,000,000",豐原區,113
120.71938281005018,24.24592758894197,56,9.11,透天厝,住家用,全/二層,4房1廳3衛,無,無,0,"2,160,000",豐原區,113
120.71938281005018,24.24592758894197,56,9.11,透天厝,住家用,全/二層,4房1廳3衛,無,無,0,"2,160,000",豐原區,113
120.71002662080598,24.250722616726662,56,74.69,透天厝,住商用,全/三層,6房2廳4衛,無,無,0,"44,000,000",豐原區,113
120.71162955135671,24.242996661943184,56,29.51,透天厝,住家用,全/二層,4房2廳1衛,無,無,0,"6,000,000",豐原區,113
120.71700688121803,24.238230300605654,27,71.23,透天厝,住家用,全/四層,4房3廳3衛,無,有,0,"13,300,000",豐原區,113
120.73168409518088,24.24981428948292,9,39.33,透天厝,住商用,全/四層,4房3廳3衛,無,無,0,"13,500,000",豐原區,113
120.70475736670981,24.250992392736904,36,37.97,透天厝,住家用,全/二層,4房2廳4衛,無,無,0,"8,500,000",豐原區,113
120.7269947430703,24.24603173974729,34,36.23,公寓(5樓含以下無電梯),住家用,五層/五層,3房2廳3衛,無,有,0,"6,200,000",豐原區,113
120.7434450809942,24.25831301831717,38,47.95,透天厝,辦公用,全/二層,5房1廳3衛,無,無,0,"16,800,000",豐原區,113
120.72863717402468,24.25166891056057,37,12.74,透天厝,住商用,全/四層,6房3廳4衛,無,無,0,"1,850,000",豐原區,113
120.72217750588847,24.255919033026775,39,24.22,公寓(5樓含以下無電梯),住家用,四層/五層,3房1廳1衛,無,無,0,"5,000,000",豐原區,113
120.71803903651745,24.239035816305634,2,64.23,透天厝,住家用,全/四層,3房3廳4衛,無,無,0,"23,000,000",豐原區,113
120.71703165280456,24.253742542411686,51,16.79,公寓(5樓含以下無電梯),住家用,三層/四層,2房2廳1衛,無,無,0,"3,800,000",豐原區,113
120.72055938542424,24.270805215741007,34,40.04,透天厝,住家用,全/三層,4房3廳4衛,無,無,0,"13,200,000",豐原區,113
120.71064061237658,24.240502725608124,1,56.01,透天厝,住家用,全/四層,3房3廳4衛,無,無,0,"18,500,000",豐原區,113
120.7185541798792,24.268950537296668,30,40.85,透天厝,住商用,全/三層,3房2廳2衛,無,無,0,"10,500,000",豐原區,113
120.72368456577627,24.25579537359637,45,23.30,公寓(5樓含以下無電梯),住家用,四層/五層,3房2廳1衛,無,無,0,"3,340,000",豐原區,113
120.72859338129375,24.221240312421383,42,26.90,透天厝,住家用,全/二層,4房2廳2衛,無,無,0,"3,000,000",豐原區,113
120.71912611459854,24.250712600752248,44,85.83,透天厝,住商用,全/四層,6房3廳4衛,無,無,0,"28,500,000",豐原區,113
120.7122554312379,24.244930100785407,,14.13,透天厝,住家用,全/一層,2房1廳1衛,無,無,0,"4,000,000",豐原區,113
120.69991341869508,24.246269681533825,5,115.81,透天厝,住商用,全/四層,10房1廳11衛,無,無,0,"15,000,000",豐原區,113
120.70091873092726,24.24590144729551,29,103.16,華廈(10層含以下有電梯),住商用,"一層,二層/七層",,有,有,0,"17,500,000",豐原區,113
120.72121076628669,24.238581171271008,1,55.96,透天厝,住家用,全/四層,4房3廳5衛,無,無,0,"24,400,000",豐原區,113
120.71846784646226,24.25448560497062,16,17.60,住宅大樓(11層含以上有電梯),住家用,九層/十二層,1房2廳1衛,有,有,0,"4,600,000",豐原區,113
120.71052250948756,24.24482749646898,48,16.52,透天厝,商業用,全/二層,3房2廳2衛,無,無,0,"3,400,000",豐原區,113
120.72767594425578,24.240597363187387,27,52.79,透天厝,住家用,全/三層,4房2廳3衛,無,無,0,"17,800,000",豐原區,113
120.72446722897323,24.253638815660164,26,93.28,透天厝,商業用,全/四層,2房4廳4衛,無,無,0,"11,000,000",豐原區,113
120.73376174030922,24.24993531477802,38,35.72,透天厝,住家用,全/二層,4房2廳2衛,無,無,0,"13,000,000",豐原區,113
120.71537827632521,24.25324283997037,31,12.31,華廈(10層含以下有電梯),商業用,一層/五層,1房1廳1衛,有,無,0,"2,450,000",豐原區,113
120.71786479679146,24.237672087877197,34,51.07,透天厝,住家用,全/三層,4房2廳3衛,無,無,0,"10,500,000",豐原區,113
120.72287397202629,24.243559316532345,45,31.46,透天厝,住商用,全/二層,6房3廳3衛,無,無,0,"9,250,000",豐原區,113
120.74816239189711,24.26337724646008,30,36.52,透天厝,住家用,全/三層,3房2廳3衛,無,無,0,"9,500,000",豐原區,113
120.7171001254798,24.24504753114117,30,10.10,華廈(10層含以下有電梯),住家用,二層/五層,1房1衛,有,無,0,"2,850,000",豐原區,113
120.72597711835228,24.242987057544955,43,69.84,透天厝,住商用,全/三層,4房2廳4衛,無,無,0,"18,000,000",豐原區,113
120.70520087529567,24.25083976190175,36,39.72,透天厝,住家用,全/二層,3房1廳3衛,無,無,0,"10,200,000",豐原區,113
120.73895893519668,24.260797433821306,50,21.30,透天厝,住家用,全/二層,2房2廳1衛,無,無,0,"4,200,000",豐原區,113
120.71864761076402,24.257826742405513,22,29.39,住宅大樓(11層含以上有電梯),商業用,"一層,騎樓,夾層/十四層",,有,有,0,"9,900,000",豐原區,113
120.72805100967099,24.22164567443211,42,25.95,透天厝,住家用,全/二層,6房2廳2衛,無,無,0,"6,000,000",豐原區,113
120.71020442650278,24.246136122727776,50,40.89,透天厝,住商用,全/二層,4房1廳2衛,無,無,0,"8,000,000",豐原區,113
120.72405725360844,24.238252275024685,31,24.89,華廈(10層含以下有電梯),住家用,三層/五層,3房2廳1衛,有,無,0,"6,150,000",豐原區,113
120.72236569241292,24.241815741342727,25,27.07,華廈(10層含以下有電梯),住家用,二層/九層,3房2廳1衛,有,有,0,"7,000,000",豐原區,113
120.72855220005727,24.254585193181878,42,8.22,公寓(5樓含以下無電梯),住家用,三層/五層,1房1衛,無,無,0,"920,000",豐原區,113
120.72855220005727,24.254585193181878,42,2.32,公寓(5樓含以下無電梯),住家用,一層/五層,,無,有,0,"80,000",豐原區,113
120.7379363688772,24.250357921240113,28,18.92,透天厝,住家用,全/二層,2房2廳2衛,無,無,0,"5,000,000",豐原區,113
120.72111997654521,24.253127069288297,42,58.82,公寓(5樓含以下無電梯),住家用,"一層,二層,地下層/五層",3房3廳2衛,無,無,0,"13,400,000",豐原區,113
120.72855220005727,24.254585193181878,42,13.04,公寓(5樓含以下無電梯),住家用,二層/五層,2房1廳1衛,無,無,0,"2,300,000",豐原區,113
120.72334227550662,24.250133433507553,50,28.43,透天厝,住家用,全/二層,5房3廳2衛,無,無,0,"10,550,000",豐原區,113
120.71392829824647,24.258675713321434,43,21.93,公寓(5樓含以下無電梯),商業用,二層/三層,3房2廳2衛,無,無,0,"5,100,000",豐原區,113
120.74554278946692,24.263273568292675,10,19.58,透天厝,住家用,全/三層,4房2廳2衛,無,無,0,"6,000,000",豐原區,113
120.7183530491196,24.2529504232769,66,18.15,透天厝,住家用,全/一層,4房2廳2衛,無,無,0,"16,000,000",豐原區,113
120.72660527217562,24.239349412908677,26,33.76,華廈(10層含以下有電梯),住家用,二層/八層,3房2廳2衛,有,有,1,"7,500,000",豐原區,112
120.72178388345995,24.24219390676759,8,46.10,住宅大樓(11層含以上有電梯),住家用,十一層/十一層,3房2廳2衛,有,有,1,"15,420,000",豐原區,112
120.72841863156216,24.257194391984587,4,49.40,住宅大樓(11層含以上有電梯),住家用,五層/十五層,3房2廳2衛,有,有,1,"14,500,000",豐原區,112
120.70801683852353,24.242448025889026,31,41.65,華廈(10層含以下有電梯),住家用,四層/八層,3房2廳2衛,有,有,1,"8,000,000",豐原區,112
120.72236569241292,24.241815741342727,25,38.59,華廈(10層含以下有電梯),住家用,四層/九層,3房2廳2衛,有,有,1,"9,500,000",豐原區,112
120.74522501625177,24.26458227050498,4,40.31,住宅大樓(11層含以上有電梯),住家用,九層/十二層,2房2廳2衛,有,有,1,"11,200,000",豐原區,112
120.70672584088526,24.238590065330815,24,40.70,華廈(10層含以下有電梯),住家用,四層/九層,3房2廳2衛,有,有,1,"8,800,000",豐原區,112
120.7248421366885,24.24416783803241,7,52.63,住宅大樓(11層含以上有電梯),住家用,三層/十四層,3房2廳2衛,有,有,1,"15,200,000",豐原區,112
120.7248421366885,24.24416783803241,7,52.63,住宅大樓(11層含以上有電梯),住家用,六層/十四層,3房2廳2衛,有,有,1,"17,450,000",豐原區,112
120.70138537759176,24.244268078515198,29,43.01,華廈(10層含以下有電梯),住家用,七層/九層,3房2廳1衛,有,有,1,"7,000,000",豐原區,112
120.72637289275967,24.255917608461974,27,34.96,華廈(10層含以下有電梯),住家用,七層/八層,3房2廳2衛,有,有,1,"9,300,000",豐原區,112
120.71918570398034,24.2370244214455,3,28.49,住宅大樓(11層含以上有電梯),住家用,二層/十二層,2房2廳1衛,有,有,1,"9,400,000",豐原區,112
120.73550174360396,24.25141914691043,3,47.01,住宅大樓(11層含以上有電梯),住家用,八層/十二層,3房2廳2衛,有,有,1,"16,380,000",豐原區,112
120.7248421366885,24.24416783803241,7,48.14,住宅大樓(11層含以上有電梯),商業用,"一層,見其他登記事項/十四層",1房2廳1衛,有,有,1,"14,000,000",豐原區,112
120.70812606431602,24.242050950030194,29,37.98,住宅大樓(11層含以上有電梯),住家用,十一層/十二層,3房2廳2衛,有,有,1,"8,850,000",豐原區,112
120.70768122820898,24.242799522609012,6,59.67,住宅大樓(11層含以上有電梯),住家用,十五層/十五層,3房2廳2衛,有,有,2,"16,000,000",豐原區,112
120.74648681199646,24.264015543909142,3,32.00,住宅大樓(11層含以上有電梯),住家用,十二層/十二層,2房2廳1衛,有,有,1,"9,000,000",豐原區,112
120.70170031878807,24.248566602776947,31,46.47,住宅大樓(11層含以上有電梯),住家用,十一層/十六層,3房2廳2衛,有,有,1,"5,000,000",豐原區,112
120.7296521430665,24.246713665560176,31,40.95,華廈(10層含以下有電梯),住家用,一層/五層,3房2廳2衛,有,有,1,"8,760,000",豐原區,112
120.72574085973771,24.25672909961711,14,31.10,華廈(10層含以下有電梯),辦公用,七層/九層,3房2廳2衛,有,有,1,"9,600,000",豐原區,112
120.72311142337166,24.26123894126858,27,63.36,住宅大樓(11層含以上有電梯),住家用,十層/二十層,4房2廳2衛,有,有,1,"12,120,000",豐原區,112
120.71623209453213,24.241262680567107,30,145.63,住宅大樓(11層含以上有電梯),住家用,八層/十五層,5房3廳4衛,有,有,2,"19,600,000",豐原區,112
120.72231628805024,24.260036605639723,1,36.96,住宅大樓(11層含以上有電梯),住家用,四層/十五層,2房2廳1衛,有,有,1,"11,900,000",豐原區,112
120.7275480708496,24.249779852706524,1,35.86,住宅大樓(11層含以上有電梯),住家用,十層/十一層,2房1廳1衛,有,有,1,"11,000,000",豐原區,112
120.72178388345995,24.24219390676759,7,46.10,住宅大樓(11層含以上有電梯),住家用,三層/十一層,3房2廳2衛,有,有,1,"13,800,000",豐原區,112
120.72231628805024,24.260036605639723,1,47.29,住宅大樓(11層含以上有電梯),住家用,四層/十五層,3房2廳2衛,有,有,1,"14,900,000",豐原區,112
120.72393900579179,24.261104997479826,37,10.89,透天厝,住家用,全/一層,5房2廳3衛,無,無,0,"10,300,000",豐原區,112
120.72392985630961,24.256220191343232,39,6.12,公寓(5樓含以下無電梯),住家用,"一層,騎樓,地下層/五層",2房1廳1衛,無,無,0,"1,000,000",豐原區,112
120.7175282490345,24.24738689566572,45,58.99,透天厝,住家用,全/四層,5房3廳5衛,無,無,0,"2,820,000",豐原區,112
120.7352177795472,24.250633109880862,45,12.06,透天厝,住家用,全/二層,3房2廳1衛,無,無,0,"4,658,500",豐原區,112
120.72787106989824,24.250710435690387,35,28.11,公寓(5樓含以下無電梯),住家用,一層/五層,3房2廳2衛,無,有,0,"6,200,000",豐原區,112
120.72748023120381,24.221518234762527,42,28.49,透天厝,住家用,全/二層,2房2廳2衛,無,無,0,"6,000,000",豐原區,112
120.72277943936359,24.273536091435183,21,247.26,透天厝,其他,全/一層,1房1廳3衛,無,無,0,"20,000,000",豐原區,112
120.70091873092726,24.24590144729551,29,76.88,華廈(10層含以下有電梯),住商用,"一層,二層,騎樓/七層",3房2廳2衛,有,有,0,"13,700,000",豐原區,112
120.71069565273704,24.242290622189334,62,22.15,透天厝,住家用,全/一層,2房1廳1衛,無,無,0,"3,900,000",豐原區,112
120.73047869851165,24.242345001981615,30,77.91,透天厝,住商用,全/三層,3房2廳2衛,無,無,0,"5,000,000",豐原區,112
120.7143973342771,24.260328938994274,5,17.10,華廈(10層含以下有電梯),住家用,一層/七層,1房1廳1衛,有,有,0,"4,950,000",豐原區,112
120.73657201620475,24.248170484548712,9,94.58,透天厝,住商用,全/四層,6房4廳6衛,有,無,0,"33,880,000",豐原區,112
120.72109939429578,24.253533346120765,40,158.67,透天厝,住商用,全/五層,7房3廳5衛,無,無,0,"18,830,080",豐原區,112
120.72637999048914,24.26180466225968,50,31.93,透天厝,住家用,全/二層,5房2廳2衛,無,無,0,"8,600,000",豐原區,112
120.73292391362189,24.236146228905078,28,35.51,透天厝,住家用,全/三層,4房2廳3衛,無,無,0,"9,880,000",豐原區,112
120.7181476391261,24.265717326069197,34,18.82,透天厝,住商用,全/二層,5房2廳3衛,無,無,0,"4,350,000",豐原區,112
120.71260442027645,24.260533225984293,1,97.25,透天厝,住家用,全/五層,10房2廳12衛,有,無,0,"20,000,000",豐原區,112
120.72977995677346,24.251472294187977,43,27.69,透天厝,住家用,全/二層,2房3廳2衛,無,無,0,"11,700,000",豐原區,112
120.71993766976645,24.266858316835464,4,74.00,透天厝,住商用,全/四層,7房8衛,無,有,0,"24,000,000",豐原區,112
120.71787918760099,24.25347323520285,24,11.51,華廈(10層含以下有電梯),住家用,五層/五層,1房1廳1衛,有,有,0,"2,900,000",豐原區,112
120.70061145128213,24.246758630438688,29,39.42,華廈(10層含以下有電梯),住家用,三層/七層,3房2廳2衛,有,有,0,"6,750,000",豐原區,112
120.70736908612652,24.24580564212429,44,43.74,透天厝,住家用,全/二層,6房2廳3衛,無,無,0,"8,000,000",豐原區,112
120.72614816130125,24.255086516934245,35,30.79,公寓(5樓含以下無電梯),住家用,五層/五層,4房2廳2衛,無,有,0,"6,800,000",豐原區,112
120.7165757108413,24.246175209888438,66,20.64,透天厝,住家用,全/二層,3房2廳3衛,無,無,0,"8,250,000",豐原區,112
120.73073153427073,24.229821892694527,4,52.04,透天厝,住家用,全/四層,5房2廳4衛,無,有,0,"17,000,000",豐原區,112
120.72200997719563,24.24237491246987,19,69.84,透天厝,住家用,全/五層,5房3廳4衛,無,無,0,"21,800,000",豐原區,112
120.70188755106581,24.24428712085063,29,35.05,華廈(10層含以下有電梯),住家用,五層/九層,3房2廳2衛,有,有,0,"7,800,000",豐原區,112
120.7172999796468,24.261553290221137,45,35.26,透天厝,住商用,全/二層,3房2廳2衛,無,無,0,"2,641,940",豐原區,112
120.74134155711364,24.25143821624258,51,20.44,透天厝,住家用,全/一層,2房1廳1衛,無,無,0,"16,500,000",豐原區,112
120.7269947430703,24.24603173974729,34,31.36,公寓(5樓含以下無電梯),住家用,四層/五層,3房2廳2衛,無,有,0,"5,150,000",豐原區,112
120.71537827632521,24.25324283997037,31,12.48,華廈(10層含以下有電梯),住家用,二層/五層,1房1廳1衛,有,有,0,"2,700,000",豐原區,112
120.720042251991,24.268574056380285,34,35.68,透天厝,住家用,全/二層,4房3廳3衛,無,無,0,"10,500,000",豐原區,112
120.7149758538696,24.252637136812808,6,37.70,華廈(10層含以下有電梯),住家用,二層/五層,3房2廳2衛,有,有,0,"11,000,000",豐原區,112
120.70170031878807,24.248566602776947,31,29.62,住宅大樓(11層含以上有電梯),住家用,九層/十六層,2房1廳2衛,有,有,0,"6,500,000",豐原區,112
120.72305028843839,24.23944230324964,53,26.60,透天厝,住家用,全/二層,3房2廳2衛,無,無,0,"12,500,000",豐原區,112
120.70672584088526,24.238590065330815,24,18.35,華廈(10層含以下有電梯),住家用,四層/九層,2房2廳1衛,有,有,0,"5,200,000",豐原區,112
120.74567930822741,24.26396002234246,6,56.68,透天厝,住家用,全/四層,4房2廳4衛,無,無,0,"15,000,000",豐原區,112
120.71264593521006,24.272731734559457,29,55.92,透天厝,住家用,全/四層,4房3廳3衛,無,無,0,"9,000,000",豐原區,112
120.72153624874801,24.242861620892736,8,77.50,透天厝,住家用,全/四層,5房3廳6衛,無,無,0,"22,880,000",豐原區,112
120.72441782431281,24.24457338485385,22,19.44,住宅大樓(11層含以上有電梯),住家用,三層/十四層,2房1廳1衛,有,有,0,"5,150,000",豐原區,112
120.73106597407308,24.253406829054267,33,82.44,透天厝,住工用,全/四層,6房3廳4衛,無,無,0,"18,000,000",豐原區,112
120.71562905077343,24.242327007323276,32,29.38,華廈(10層含以下有電梯),住家用,五層/七層,3房2廳2衛,有,有,0,"6,850,000",豐原區,112
120.72213099177493,24.254663888778925,20,12.17,住宅大樓(11層含以上有電梯),住家用,十四層/十四層,1房1衛,有,有,0,"3,950,000",豐原區,112
120.71072154650507,24.248258967049896,52,77.80,透天厝,住商用,全/三層,6房3廳3衛,無,無,0,"18,800,000",豐原區,112
120.71027220186159,24.242298845489618,30,13.03,公寓(5樓含以下無電梯),住家用,五層/五層,1房1廳1衛,無,無,0,"2,500,000",豐原區,112
120.70138537759176,24.244268078515198,29,39.34,華廈(10層含以下有電梯),商業用,"一層,二層,騎樓/九層",1房2廳1衛,有,有,0,"9,800,000",豐原區,112
120.7188492855171,24.237764198384607,41,48.67,透天厝,住商用,全/二層,4房2廳2衛,無,無,0,"18,250,000",豐原區,112
120.70061145128213,24.246758630438688,28,41.51,華廈(10層含以下有電梯),住家用,六層/七層,3房2廳2衛,有,有,0,"6,800,000",豐原區,112
120.72787106989824,24.250710435690387,35,30.32,公寓(5樓含以下無電梯),住家用,四層/五層,3房2廳2衛,無,無,0,"3,800,000",豐原區,112
120.71423434704592,24.253935948916837,45,34.80,透天厝,住家用,全/二層,2房2廳2衛,無,無,0,"5,000,000",豐原區,112
120.72172275167783,24.25218913955787,30,7.85,華廈(10層含以下有電梯),住家用,五層/十層,1房1衛,有,有,0,"2,450,000",豐原區,112
120.70769236143443,24.246546660966615,44,69.67,透天厝,住商用,全/四層,,無,無,0,"19,600,000",豐原區,112
120.70508362991829,24.237620772918703,13,76.02,透天厝,住家用,全/四層,4房2廳4衛,有,無,0,"28,350,000",豐原區,112
120.70555520577336,24.25520154284114,36,31.76,透天厝,住家用,全/二層,3房2廳2衛,無,無,0,"13,200,000",豐原區,112
120.74631671016219,24.265360610126965,33,35.10,透天厝,商業用,全/二層,6房2廳3衛,無,無,0,"16,180,000",豐原區,112
120.72441782431281,24.24457338485385,22,16.94,住宅大樓(11層含以上有電梯),住家用,十三層/十四層,2房1廳1衛,有,有,0,"5,350,000",豐原區,112
120.72368456577627,24.25579537359637,44,23.30,公寓(5樓含以下無電梯),住家用,三層/五層,3房2廳1衛,無,無,0,"4,080,000",豐原區,112
120.71884445956326,24.262359753279167,44,129.83,透天厝,住商用,全/三層,7房4廳7衛,無,無,0,"20,000,000",豐原區,112
120.71571727459917,24.24250774972448,31,82.53,華廈(10層含以下有電梯),住商用,"一層,騎樓,地下層/七層",,有,有,0,"18,200,000",豐原區,112
120.74101180076589,24.263518743801967,5,47.54,透天厝,住家用,全/四層,3房2廳3衛,無,有,0,"14,400,000",豐原區,112
120.7139455603114,24.255362028457068,46,36.01,透天厝,住家用,全/二層,3房2廳2衛,無,無,0,"11,500,000",豐原區,112
120.70290627926524,24.250853356260382,50,13.02,透天厝,住家用,全/一層,3房2廳2衛,無,無,0,"3,800,000",豐原區,112
120.70705422281208,24.25429249081465,35,27.07,公寓(5樓含以下無電梯),住商用,五層/五層,3房2廳2衛,無,有,0,"4,490,000",豐原區,112
120.70170031878807,24.248566602776947,31,29.74,住宅大樓(11層含以上有電梯),住家用,十一層/十六層,3房2廳2衛,有,有,0,"6,300,000",豐原區,112
120.73355911134136,24.247930487422188,31,25.02,華廈(10層含以下有電梯),住家用,二層/五層,3房2廳2衛,有,無,0,"6,130,000",豐原區,112
120.71157878320976,24.248043901373773,57,30.98,透天厝,住家用,全/二層,4房2廳2衛,無,無,0,"7,880,000",豐原區,112
120.7171001254798,24.24504753114117,30,10.62,華廈(10層含以下有電梯),住家用,二層/五層,,有,有,0,"3,000,000",豐原區,112
120.72538641263763,24.261270152503364,32,24.93,華廈(10層含以下有電梯),住家用,一層/五層,3房1廳2衛,有,有,0,"6,650,000",豐原區,112
120.7283766675209,24.24913122468402,30,26.32,華廈(10層含以下有電梯),住家用,三層/五層,3房1廳1衛,有,有,0,"5,680,000",豐原區,112
120.70488373612439,24.238902530117215,18,80.86,公寓(5樓含以下無電梯),住家用,"一層,二層,三層,四層,地下一層/五層",5房3廳4衛,無,有,0,"22,900,000",豐原區,112
120.72441782431281,24.24457338485385,22,18.21,住宅大樓(11層含以上有電梯),住家用,八層/十四層,2房1廳1衛,有,有,0,"5,100,000",豐原區,112
120.7096139445236,24.245972477270797,53,26.86,透天厝,住家用,全/二層,2房2廳2衛,無,無,0,"8,180,000",豐原區,112
120.7232822899026,24.25054866791652,43,28.92,公寓(5樓含以下無電梯),住家用,五層/五層,3房2廳2衛,無,無,0,"4,650,000",豐原區,112
120.71722927970524,24.244533110169613,1,11.32,公寓(5樓含以下無電梯),住家用,三層/五層,1房1廳1衛,無,無,0,"4,150,000",豐原區,112
120.72213099177493,24.254663888778925,20,45.58,住宅大樓(11層含以上有電梯),住家用,三層/十四層,3房2廳2衛,有,有,0,"9,300,000",豐原區,112
120.7202549823377,24.270380283692226,33,37.46,透天厝,住家用,全/三層,3房2廳3衛,無,無,0,"13,000,000",豐原區,112
120.72178388345995,24.24219390676759,7,38.93,住宅大樓(11層含以上有電梯),住家用,十層/十一層,2房2廳1衛,有,有,1,"12,000,000",豐原區,112
120.7169764831344,24.243069917069107,,44.49,華廈(10層含以下有電梯),住家用,六層/七層,3房2廳2衛,有,有,1,"12,200,000",豐原區,112
120.7169764831344,24.243069917069107,,44.49,華廈(10層含以下有電梯),住家用,七層/七層,3房2廳2衛,有,有,1,"12,000,000",豐原區,112
120.74648681199646,24.264015543909142,3,39.49,住宅大樓(11層含以上有電梯),住家用,四層/十二層,3房2廳2衛,有,有,1,"10,950,000",豐原區,112
120.7275480708496,24.249779852706524,1,46.28,住宅大樓(11層含以上有電梯),住家用,八層/十一層,3房2廳2衛,有,有,1,"13,700,000",豐原區,112
120.72458931466846,24.25182415670691,30,57.69,住宅大樓(11層含以上有電梯),住家用,四層/十一層,3房2廳2衛,有,無,1,"9,500,000",豐原區,112
120.70801683852353,24.242448025889026,30,41.65,華廈(10層含以下有電梯),住家用,三層/八層,3房2廳2衛,有,有,1,"8,350,000",豐原區,112
120.71827844485506,24.237636738550794,3,40.51,住宅大樓(11層含以上有電梯),住家用,一層/十一層,2房2廳2衛,有,有,1,"13,500,000",豐原區,112
120.7259685423324,24.237795240193716,7,45.51,住宅大樓(11層含以上有電梯),住家用,八層/十二層,3房2廳2衛,有,有,1,"13,080,000",豐原區,112
120.72315102537232,24.247496547652702,18,58.47,住宅大樓(11層含以上有電梯),住家用,十層/十四層,3房2廳2衛,有,有,1,"15,500,000",豐原區,112
120.7350771677521,24.247201768333127,3,31.02,華廈(10層含以下有電梯),住家用,四層/九層,2房2廳1衛,有,有,1,"9,800,000",豐原區,112
120.72841863156216,24.257194391984587,4,43.82,住宅大樓(11層含以上有電梯),住家用,五層/十五層,3房2廳2衛,有,有,1,"13,900,000",豐原區,112
120.71514173391444,24.25774797144366,,60.48,住宅大樓(11層含以上有電梯),住家用,十一層/十五層,4房2廳2衛,有,有,2,"12,450,000",豐原區,112
120.71514173391444,24.25774797144366,,60.48,住宅大樓(11層含以上有電梯),住家用,十一層/十五層,4房2廳2衛,有,有,2,"12,450,000",豐原區,112
120.7290631418717,24.250486841046275,19,47.35,住宅大樓(11層含以上有電梯),住家用,九層/十三層,3房2廳2衛,有,有,1,"11,800,000",豐原區,112
120.7275480708496,24.249779852706524,1,35.86,住宅大樓(11層含以上有電梯),住家用,十一層/十一層,2房2廳1衛,有,有,1,"10,560,000",豐原區,112
120.72236569241292,24.241815741342727,25,38.59,華廈(10層含以下有電梯),住家用,四層/九層,3房2廳2衛,有,有,1,"9,400,000",豐原區,112
120.7228969194419,24.255694608255276,6,43.51,住宅大樓(11層含以上有電梯),住家用,八層/十二層,3房2廳2衛,有,有,1,"12,600,000",豐原區,112
120.72178388345995,24.24219390676759,7,46.10,住宅大樓(11層含以上有電梯),住家用,五層/十一層,3房2廳2衛,有,有,1,"13,800,000",豐原區,112
120.73205234729086,24.24325972818408,29,46.25,透天厝,住家用,全/三層,4房2廳3衛,無,無,1,"13,200,000",豐原區,112
120.73443083462827,24.24071766165111,9,60.35,透天厝,住家用,全/四層,3房1廳3衛,有,無,0,"17,000,000",豐原區,112
120.72698926949526,24.243982098676433,53,25.89,透天厝,住家用,全/二層,3房2廳3衛,無,無,0,"8,080,000",豐原區,112
120.71869253005218,24.250838218918858,59,15.98,透天厝,住商用,全/二層,,無,無,0,"8,000,000",豐原區,112
120.72535264891057,24.276980885418027,18,116.16,透天厝,辦公用,全/一層,,無,無,0,"74,000,000",豐原區,112
120.71594938408901,24.257713366263086,60,"1,311.02",透天厝,工業用,全/四層,,無,無,0,"909,981,295",豐原區,112
120.73751795883676,24.243097704602988,25,84.72,透天厝,住家用,全/三層,5房3廳4衛,無,無,0,"25,500,000",豐原區,112
120.73034058977302,24.242462132843343,29,82.91,透天厝,住商用,全/二層,,無,無,0,"62,500,000",豐原區,112
120.72836270503178,24.24643147372672,40,18.56,透天厝,住家用,全/二層,3房2廳2衛,無,無,0,"8,300,000",豐原區,112
120.7245097065623,24.238487860505398,35,47.60,透天厝,住商用,全/二層,9房9衛,無,無,0,"17,600,000",豐原區,112
120.70812606431602,24.242050950030194,29,20.72,住宅大樓(11層含以上有電梯),商業用,一層/十二層,1房1廳1衛,有,有,0,"3,450,000",豐原區,112
120.71529496554211,24.25969857056584,30,30.47,華廈(10層含以下有電梯),住家用,二層/八層,3房2廳2衛,有,有,0,"6,080,000",豐原區,112
120.72795327141492,24.249103381590615,19,31.03,住宅大樓(11層含以上有電梯),住家用,十五層/二十二層,2房2廳1衛,有,無,0,"6,300,000",豐原區,112
120.72548513460131,24.238218741524797,37,34.52,透天厝,住家用,全/二層,4房2廳2衛,無,無,0,"12,500,000",豐原區,112
120.71812044176171,24.264651838029188,39,51.56,透天厝,住家用,全/二層,6房3廳3衛,無,無,0,"21,000,000",豐原區,112
120.70885016933113,24.239740855658148,44,38.59,透天厝,住商用,全/二層,3房2廳2衛,無,無,0,"10,000,000",豐原區,112
120.73391164108695,24.253619497328184,47,18.45,透天厝,工業用,全/一層,3房2廳2衛,無,無,0,"12,000,000",豐原區,112
120.73427046963359,24.246812104598757,2,83.36,透天厝,住家用,全/四層,3房3廳4衛,無,無,0,"34,500,000",豐原區,112
120.72173211659977,24.265985779707247,38,32.15,透天厝,住家用,全/二層,3房1廳2衛,無,無,0,"8,500,000",豐原區,112
120.70907982611661,24.24267578353056,54,14.69,透天厝,住家用,全/一層,4房2廳2衛,無,無,0,"7,200,000",豐原區,112
120.71946827315385,24.23838836306442,35,57.74,透天厝,住商用,全/三層,4房3廳3衛,無,無,0,"11,880,000",豐原區,112
120.72847574244746,24.244210480337312,52,53.63,透天厝,住商用,全/二層,4房2廳2衛,無,無,0,"15,250,000",豐原區,112
120.72789933230874,24.24668345460543,56,28.66,透天厝,住家用,全/二層,2房1廳2衛,無,無,0,"5,300,000",豐原區,112
120.70138537759176,24.244268078515198,29,32.61,華廈(10層含以下有電梯),住家用,四層/九層,3房2廳2衛,有,有,0,"6,000,000",豐原區,112
120.71109841018473,24.24272477336047,62,9.46,透天厝,住家用,全/二層,3房2廳1衛,無,無,0,"2,350,000",豐原區,112
120.7248126121248,24.25331438611105,22,55.24,透天厝,其他,全/四層,4房2廳3衛,無,有,0,"17,300,000",豐原區,112
120.72372988815252,24.23937130731908,52,33.88,透天厝,住家用,全/二層,5房2廳1衛,無,無,0,"2,475,727",豐原區,112
120.7097284180895,24.23892087573946,33,78.94,透天厝,住家用,全/四層,5房3廳4衛,無,有,0,"12,400,000",豐原區,112
120.73365388959552,24.235515456049836,10,75.12,透天厝,住商用,全/四層,4房3廳5衛,有,有,0,"23,500,000",豐原區,112
120.7109113123739,24.24272441806019,61,12.03,透天厝,住家用,全/二層,5房2廳1衛,無,無,0,"3,916,600",豐原區,112
120.7116988860196,24.25155648115809,1,64.55,透天厝,住商用,全/四層,5房2廳4衛,無,無,0,"24,680,000",豐原區,112
120.72926900483152,24.246279582955232,38,25.87,公寓(5樓含以下無電梯),住家用,四層/五層,3房2廳1衛,無,無,0,"4,800,000",豐原區,112
120.74991195529395,24.25511841113726,43,49.53,透天厝,住商用,全/二層,5房2廳2衛,無,無,0,"11,800,000",豐原區,112
120.70993663905438,24.2426322746716,52,30.48,透天厝,住家用,全/二層,4房2廳2衛,無,無,0,"8,200,000",豐原區,112
120.73355911134136,24.247930487422188,31,27.35,華廈(10層含以下有電梯),住家用,二層/五層,3房2廳2衛,有,無,0,"6,600,000",豐原區,112
120.71531882610888,24.253405263447323,31,12.78,華廈(10層含以下有電梯),住家用,四層/五層,1房1衛,有,有,0,"2,100,000",豐原區,112
120.7269947430703,24.24603173974729,34,31.36,公寓(5樓含以下無電梯),住家用,二層/五層,3房2廳2衛,無,有,0,"6,360,000",豐原區,112
120.71181476211832,24.25257700845143,57,26.81,透天厝,住家用,全/二層,3房4廳2衛,無,無,0,"15,780,000",豐原區,112
120.70288781725216,24.24184216344118,4,318.41,透天厝,工業用,全/四層,11衛,無,無,0,"95,000,000",豐原區,112
120.74666573894905,24.26318515402865,34,37.53,透天厝,住家用,全/二層,4房3廳3衛,無,無,0,"2,700,000",豐原區,112
120.72047801627274,24.23142868533217,16,58.19,透天厝,住家用,全/四層,4房2廳3衛,無,有,0,"18,350,000",豐原區,112
120.7482781245079,24.264623485114967,15,56.75,透天厝,住家用,全/三層,6房2廳3衛,無,無,0,"20,250,000",豐原區,112
120.71879842424086,24.238504502402435,11,78.66,透天厝,住家用,全/四層,4房2廳4衛,無,無,0,"19,000,000",豐原區,112
120.71889494970613,24.25283405009157,31,42.37,華廈(10層含以下有電梯),住家用,七層/十層,2房2廳2衛,有,無,0,"8,000,000",豐原區,112
120.72614816130125,24.255086516934245,35,30.64,公寓(5樓含以下無電梯),住商用,"一層,二層/五層",4房2廳2衛,無,無,0,"5,700,000",豐原區,112
120.72441782431281,24.24457338485385,22,20.46,住宅大樓(11層含以上有電梯),住家用,三層/十四層,2房1廳1衛,有,有,0,"5,500,000",豐原區,112
120.72585868524186,24.261487697686633,,39.48,透天厝,住家用,全/二層,5房3廳3衛,無,無,0,"10,380,000",豐原區,112
120.73777778356656,24.255657785033545,30,59.04,透天厝,住工用,全/二層,5房2廳4衛,無,無,0,"17,000,000",豐原區,112
120.72875340256914,24.24329902830021,50,25.18,透天厝,住家用,全/二層,4房2廳2衛,無,無,0,"10,000,000",豐原區,112
120.72551090590991,24.244566331584984,56,15.31,透天厝,住家用,全/一層,4房2廳2衛,無,無,0,"6,500,000",豐原區,112
120.71709189534499,24.24431614681412,40,19.11,公寓(5樓含以下無電梯),商業用,"一層,騎樓,夾層/五層",3房2廳2衛,無,無,0,"6,800,000",豐原區,112
120.7176732131658,24.24863319480012,14,20.54,住宅大樓(11層含以上有電梯),住家用,十二層/十二層,2房2廳2衛,有,有,0,"7,300,000",豐原區,112
120.7445871431465,24.253565563826392,8,53.20,透天厝,住家用,全/三層,4房3廳3衛,無,無,0,"18,500,000",豐原區,112
120.72252135971024,24.251766225845174,26,11.66,住宅大樓(11層含以上有電梯),住家用,二層/十三層,1房1廳1衛,有,有,0,"2,400,000",豐原區,112
120.70848705747959,24.243523393239137,53,16.34,透天厝,住家用,全/一層,3房2廳1衛,無,無,0,"6,280,000",豐原區,112
120.71722927970524,24.244533110169613,1,11.33,華廈(10層含以下有電梯),住家用,三層/五層,1房1衛,有,有,0,"3,100,000",豐原區,112
120.72071559040474,24.230851243166477,16,85.05,透天厝,住家用,全/四層,4房2廳4衛,有,無,0,"24,500,000",豐原區,112
120.70709019889769,24.251484475943887,38,34.75,透天厝,住家用,全/二層,3房1廳2衛,無,無,0,"11,500,000",豐原區,112
120.73910648092642,24.26088799078233,49,21.30,透天厝,住家用,全/二層,3房2廳1衛,無,無,0,"5,000,000",豐原區,112
120.70170031878807,24.248566602776947,31,29.58,住宅大樓(11層含以上有電梯),住家用,十二層/十六層,3房2廳2衛,有,有,0,"6,200,000",豐原區,112
120.71076337902791,24.24282346950771,25,40.55,透天厝,商業用,全/四層,6房2廳5衛,無,無,0,"10,400,000",豐原區,112
120.72923566282843,24.252726386271483,30,44.38,住宅大樓(11層含以上有電梯),住家用,十層/十二層,2房2廳1衛,有,有,0,"9,100,000",豐原區,112
120.71722927970524,24.244533110169613,1,11.32,華廈(10層含以下有電梯),住家用,二層/五層,1房1衛,有,有,0,"4,180,000",豐原區,112
120.75670120047825,24.237594644688343,29,32.81,透天厝,農業用,全/二層,4房3廳2衛,無,無,0,"4,350,000",豐原區,112
120.71514173391444,24.25774797144366,,43.25,住宅大樓(11層含以上有電梯),住家用,十二層/十五層,2房2廳2衛,有,有,1,"11,100,000",豐原區,112
120.7248421366885,24.24416783803241,6,50.80,住宅大樓(11層含以上有電梯),住家用,二層/十四層,3房2廳2衛,有,有,1,"15,000,000",豐原區,112
120.72178388345995,24.24219390676759,7,44.65,住宅大樓(11層含以上有電梯),住家用,八層/十一層,3房2廳2衛,有,有,1,"13,300,000",豐原區,112
120.74648681199646,24.264015543909142,3,38.81,住宅大樓(11層含以上有電梯),住家用,七層/十二層,3房2廳2衛,有,有,1,"12,300,000",豐原區,112
120.72231628805024,24.260036605639723,1,41.20,住宅大樓(11層含以上有電梯),住家用,六層/十五層,2房2廳1衛,有,有,1,"11,650,000",豐原區,112
120.72844576826347,24.25369111380674,29,35.07,華廈(10層含以下有電梯),住家用,九層/十層,2房2廳1衛,有,有,1,"8,700,000",豐原區,112
120.70061145128213,24.246758630438688,28,44.76,華廈(10層含以下有電梯),住家用,六層/七層,3房2廳2衛,有,有,1,"9,280,000",豐原區,112
120.70927199049896,24.244779968091045,31,40.24,華廈(10層含以下有電梯),住家用,二層/七層,2房2廳1衛,有,有,1,"5,800,000",豐原區,112
120.72652595582153,24.239602094067063,25,37.87,華廈(10層含以下有電梯),住家用,八層/八層,3房1廳2衛,有,無,1,"8,700,000",豐原區,112
120.72654971633455,24.25152069593115,2,48.41,住宅大樓(11層含以上有電梯),住家用,三層/十三層,3房2廳2衛,有,有,1,"15,000,000",豐原區,112
120.72178388345995,24.24219390676759,7,38.93,住宅大樓(11層含以上有電梯),住家用,十層/十一層,2房2廳1衛,有,有,1,"11,800,000",豐原區,112
120.70720991176249,24.255114447887195,29,42.55,華廈(10層含以下有電梯),住家用,三層/十層,3房2廳2衛,有,有,1,"9,100,000",豐原區,112
120.7012188362808,24.248114199622012,7,79.29,住宅大樓(11層含以上有電梯),住家用,"十二層,見其他登記事項/十二層",4房2廳2衛,有,有,2,"15,000,000",豐原區,112
120.74648681199646,24.264015543909142,3,45.21,住宅大樓(11層含以上有電梯),住家用,七層/十二層,3房2廳2衛,有,有,2,"12,500,000",豐原區,112
120.7259685423324,24.237795240193716,7,46.61,住宅大樓(11層含以上有電梯),住家用,八層/十二層,3房2廳2衛,有,有,1,"14,000,000",豐原區,112
120.71634583015683,24.252143094032768,3,47.80,住宅大樓(11層含以上有電梯),住家用,二層/十五層,3房2廳2衛,有,有,1,"13,500,000",豐原區,112
120.71918570398034,24.2370244214455,3,44.99,住宅大樓(11層含以上有電梯),商辦用,"一層,騎樓,見其他登記事項/十二層",1房1廳2衛,有,有,1,"16,750,000",豐原區,112
120.72080335779876,24.24026888486085,,83.67,透天厝,住家用,全/四層,5房3廳7衛,有,無,1,"35,500,000",豐原區,112
120.71824907519643,24.264381195097016,1,46.52,住宅大樓(11層含以上有電梯),商業用,"一層,見其他登記事項/十一層",5房1廳5衛,有,有,1,"16,180,000",豐原區,112
120.72315102537232,24.247496547652702,17,69.49,住宅大樓(11層含以上有電梯),住商用,"一層,二層,騎樓/十四層",1房1廳2衛,有,有,1,"19,880,000",豐原區,112
120.71797352438011,24.264281366672865,1,45.74,住宅大樓(11層含以上有電梯),商辦用,"一層,二層,見其他登記事項/十一層",1房2廳2衛,有,有,1,"28,600,000",豐原區,112
120.70751052236074,24.248550796140485,44,34.88,透天厝,住家用,全/二層,4房2廳2衛,無,無,0,"10,500,000",豐原區,112
120.71576052466939,24.254065212388273,44,60.06,透天厝,住商用,全/三層,5房3廳3衛,無,無,0,"16,800,000",豐原區,112
120.73896715723363,24.256770428784414,29,175.64,透天厝,工業用,全/二層,,有,無,0,"78,000,000",豐原區,112
120.72187760583556,24.24437915686946,22,79.82,透天厝,其他,全/四層,4房3廳4衛,無,無,0,"21,000,000",豐原區,112
120.70672584088526,24.238590065330815,24,37.81,華廈(10層含以下有電梯),住家用,六層/九層,3房2廳2衛,有,有,0,"7,100,000",豐原區,112
120.72814241298597,24.248146628051927,35,47.11,透天厝,住家用,全/二層,4房2廳2衛,無,無,0,"12,000,000",豐原區,112
120.72441782431281,24.24457338485385,22,19.44,住宅大樓(11層含以上有電梯),住家用,九層/十四層,2房1廳1衛,有,有,0,"5,700,000",豐原區,112
120.73489017918997,24.25189662845417,14,69.92,透天厝,住家用,全/三層,4房3廳3衛,無,無,0,"11,500,000",豐原區,112
120.72309536175715,24.236814891087324,43,35.89,透天厝,住家用,全/二層,5房2廳2衛,無,無,0,"8,000,000",豐原區,112
120.72637999048914,24.26180466225968,49,31.93,透天厝,住家用,全/二層,5房2廳2衛,無,無,0,"7,500,000",豐原區,112
120.72822903270436,24.27688672213061,16,57.20,透天厝,住家用,全/三層,6房2廳3衛,無,無,0,"16,800,000",豐原區,112
120.70770927133472,24.247765636194885,46,30.49,透天厝,住家用,全/二層,3房3廳2衛,無,無,0,"11,800,000",豐原區,112
120.7346801916716,24.24868185901088,42,35.62,透天厝,住商用,全/二層,6房2廳2衛,無,無,0,"9,000,000",豐原區,112
120.70091873092726,24.24590144729551,29,62.13,華廈(10層含以下有電梯),住商用,"一層,二層,騎樓/七層",3房2廳1衛,有,有,0,"9,800,000",豐原區,112
120.71965528564783,24.238424823163548,35,43.73,透天厝,住家用,全/三層,4房3廳3衛,無,無,0,"13,500,000",豐原區,112
120.71028343154816,24.246036955536585,50,48.95,透天厝,住家用,全/三層,5房3廳2衛,無,無,0,"7,700,000",豐原區,112
120.71608731711054,24.25325319372405,42,25.82,華廈(10層含以下有電梯),住家用,六層/八層,1房1廳1衛,有,無,0,"4,750,000",豐原區,112
120.70981881681567,24.246821612198428,56,24.68,透天厝,住家用,全/二層,3房2廳2衛,無,無,0,"5,880,000",豐原區,112
120.70243446719506,24.246238516942416,38,20.09,公寓(5樓含以下無電梯),住家用,三層/五層,2房2廳1衛,無,無,0,"5,560,000",豐原區,112
120.73350547102577,24.25004322767933,39,37.62,透天厝,住家用,全/二層,4房2廳3衛,無,無,0,"3,039,369",豐原區,112
120.72311142337166,24.26123894126858,27,10.40,住宅大樓(11層含以上有電梯),住家用,十一層/二十層,1房1衛,有,有,0,"2,800,000",豐原區,112
120.70090307060455,24.23153594682466,16,48.34,透天厝,住家用,全/三層,4房3廳3衛,無,有,0,"13,608,000",豐原區,112
120.71170826581499,24.2517641779932,1,62.51,透天厝,住家用,全/四層,5房2廳4衛,無,無,0,"20,000,000",豐原區,112
120.71165920926995,24.251682825138907,1,62.43,透天厝,住家用,全/四層,5房2廳4衛,無,無,0,"20,000,000",豐原區,112
120.7165937656041,24.246915641401053,30,48.75,華廈(10層含以下有電梯),住家用,二層/七層,4房2廳2衛,有,有,0,"7,950,000",豐原區,112
120.71165931104923,24.25163768094933,1,64.28,透天厝,住家用,全/四層,5房2廳4衛,無,無,0,"20,000,000",豐原區,112
120.71163979841761,24.25155636917779,1,81.57,透天厝,住商用,全/四層,5房2廳6衛,有,無,0,"26,000,000",豐原區,112
120.72311142337166,24.26123894126858,27,29.12,住宅大樓(11層含以上有電梯),住家用,十三層/二十層,3房2廳2衛,有,有,0,"6,820,000",豐原區,112
120.72463443767282,24.23085838195395,46,119.12,透天厝,工業用,全/二層,,無,無,0,"96,980,000",豐原區,112
120.72441782431281,24.24457338485385,22,18.91,住宅大樓(11層含以上有電梯),住家用,五層/十四層,2房2廳1衛,有,有,0,"5,200,000",豐原區,112
120.70721117500632,24.245958844127305,44,30.79,透天厝,住家用,全/二層,2廳2衛,無,無,0,"10,000,000",豐原區,112
120.72151108310128,24.258942594105395,70,90.51,透天厝,工業用,全/一層,,無,無,0,"28,000,000",豐原區,112
120.72842285074297,24.23665292605439,40,21.18,透天厝,農業用,全/一層,4房3廳2衛,無,無,0,"28,430,000",豐原區,112
120.70986080785954,24.24567498037608,53,26.93,透天厝,住家用,全/二層,3房2廳2衛,無,無,0,"6,500,000",豐原區,112
120.74508514925425,24.2556972923862,30,32.02,透天厝,住商用,全/三層,4房2廳5衛,無,無,0,"13,200,000",豐原區,112
120.72252135971024,24.251766225845174,26,31.74,住宅大樓(11層含以上有電梯),住家用,六層/十三層,3房2廳2衛,有,有,0,"5,000,000",豐原區,112
120.72109803341382,24.267700165198555,,35.45,透天厝,住家用,全/二層,4房2廳2衛,無,無,0,"7,600,000",豐原區,112
120.71733032712685,24.243368527753518,55,46.98,透天厝,住家用,全/三層,3房2廳2衛,無,無,0,"16,000,000",豐原區,112
120.70290627926524,24.250853356260382,50,13.02,透天厝,住家用,全/一層,3房2廳2衛,無,無,0,"2,250,000",豐原區,112
120.71119916956764,24.250435922935953,11,40.28,公寓(5樓含以下無電梯),住家用,四層/五層,3房1廳2衛,無,無,0,"6,598,200",豐原區,112
120.71965860853626,24.23690791773698,3,63.56,透天厝,住家用,全/四層,4房3廳6衛,無,無,0,"22,800,000",豐原區,112
120.70993663905438,24.2426322746716,52,10.16,透天厝,住家用,全/二層,4房2廳1衛,無,無,0,"3,000,000",豐原區,112
120.70170031878807,24.248566602776947,31,29.68,住宅大樓(11層含以上有電梯),住家用,十五層/十六層,3房2廳2衛,有,有,0,"6,600,000",豐原區,112
120.72172275167783,24.25218913955787,29,7.85,華廈(10層含以下有電梯),住家用,五層/十層,1房1衛,有,有,0,"2,150,000",豐原區,112
120.7206568275401,24.230706673255497,16,46.76,透天厝,住家用,全/三層,3房2廳3衛,無,有,0,"15,400,000",豐原區,112
120.7202896646135,24.250028534473376,26,10.92,華廈(10層含以下有電梯),住家用,四層/六層,1房1衛,有,無,0,"2,880,000",豐原區,112
120.71443968565934,24.2545954723868,30,41.19,透天厝,住家用,全/四層,3房6廳4衛,無,無,0,"14,600,000",豐原區,112
120.70674425187306,24.239149920785877,20,56.94,透天厝,住家用,全/五層,3房2廳5衛,無,無,0,"13,550,000",豐原區,112
120.71267680251192,24.254619239654154,55,23.72,透天厝,住家用,全/二層,2房2廳1衛,無,無,0,"6,300,000",豐原區,112
120.71448544744338,24.2385055017096,56,11.17,透天厝,住家用,全/一層,2房2廳2衛,無,無,0,"5,500,000",豐原區,112
120.72972527871522,24.254045518900153,30,16.58,華廈(10層含以下有電梯),住家用,七層/九層,1房1廳1衛,有,有,0,"4,400,000",豐原區,112
120.70812606431602,24.242050950030194,29,20.72,住宅大樓(11層含以上有電梯),商業用,一層/十二層,,有,有,0,"3,000,000",豐原區,112
120.72458931466846,24.25182415670691,30,9.93,住宅大樓(11層含以上有電梯),住家用,十層/十一層,1房1衛,有,有,0,"3,180,000",豐原區,112
120.72405725360844,24.238252275024685,30,24.89,華廈(10層含以下有電梯),住家用,三層/五層,3房2廳1衛,有,有,0,"5,550,000",豐原區,112
120.72252135971024,24.251766225845174,26,8.19,住宅大樓(11層含以上有電梯),住家用,九層/十三層,1房1衛,有,有,0,"2,400,000",豐原區,112
120.7269947430703,24.24603173974729,34,31.36,公寓(5樓含以下無電梯),住家用,二層/五層,3房2廳2衛,無,有,0,"5,270,000",豐原區,112
120.7269947430703,24.24603173974729,34,31.36,公寓(5樓含以下無電梯),住家用,三層/五層,3房2廳2衛,無,有,0,"5,600,000",豐原區,112
120.70291970038386,24.245074680993916,1,72.05,透天厝,住商用,全/四層,5房3廳5衛,有,無,0,"36,800,000",豐原區,112
120.72614816130125,24.255086516934245,35,28.25,公寓(5樓含以下無電梯),住家用,四層/五層,3房2廳1衛,無,無,0,"4,300,000",豐原區,112
120.73300044025615,24.24194311741685,37,34.48,透天厝,住家用,全/二層,5房2廳3衛,無,無,0,"13,000,000",豐原區,112
120.70520487910434,24.24055549584225,45,49.00,透天厝,住商用,全/二層,4房3廳2衛,無,無,0,"17,500,000",豐原區,112
120.71438382965708,24.257556943798814,38,24.11,透天厝,住商用,全/二層,3房2廳3衛,無,無,0,"9,000,000",豐原區,112
120.71398763188812,24.24095148230502,,109.51,透天厝,住家用,全/四層,5房3廳6衛,有,無,0,"45,680,000",豐原區,112
120.72441782431281,24.24457338485385,22,16.94,住宅大樓(11層含以上有電梯),住家用,十三層/十四層,2房2廳1衛,有,有,0,"4,600,000",豐原區,112
120.73353582338859,24.249655023772895,35,47.80,透天厝,住家用,全/三層,5房2廳2衛,無,無,0,"9,300,000",豐原區,112
120.72671184462708,24.25399499092897,28,8.10,華廈(10層含以下有電梯),住家用,六層/十層,1房1衛,有,有,0,"2,660,000",豐原區,112
120.7169764831344,24.243069917069107,,44.49,華廈(10層含以下有電梯),住家用,五層/七層,3房2廳2衛,有,有,1,"12,000,000",豐原區,112
120.72311142337166,24.26123894126858,27,29.07,住宅大樓(11層含以上有電梯),住家用,四層/二十層,3房2廳1衛,有,有,1,"6,500,000",豐原區,112
120.7158325336769,24.243817197096146,30,38.97,華廈(10層含以下有電梯),住家用,四層/五層,3房2廳2衛,有,有,1,"8,000,000",豐原區,112
120.72574085973771,24.25672909961711,14,26.60,華廈(10層含以下有電梯),辦公用,五層/九層,1房2廳2衛,有,有,2,"7,500,000",豐原區,112
120.70919313248538,24.24048190892204,,44.72,住宅大樓(11層含以上有電梯),,,3房2廳2衛,有,有,1,"13,100,000",豐原區,112
120.71138831856763,24.240802113183552,32,42.21,華廈(10層含以下有電梯),住家用,三層/五層,3房2廳2衛,有,有,1,"8,780,000",豐原區,112
120.72231628805024,24.260036605639723,1,40.84,住宅大樓(11層含以上有電梯),住家用,七層/十五層,2房2廳2衛,有,有,1,"12,400,000",豐原區,112
120.71504913380468,24.2595265615329,30,31.10,華廈(10層含以下有電梯),住家用,五層/七層,3房2廳2衛,有,有,1,"6,800,000",豐原區,112
120.72231628805024,24.260036605639723,1,36.96,住宅大樓(11層含以上有電梯),住家用,十三層/十五層,2房2廳1衛,有,有,1,"11,850,000",豐原區,112
120.713859391192,24.254260298621215,10,42.66,住宅大樓(11層含以上有電梯),住家用,四層/十四層,3房2廳2衛,有,有,1,"12,000,000",豐原區,112
120.71918570398034,24.2370244214455,3,28.49,住宅大樓(11層含以上有電梯),住家用,二層/十二層,2房2廳1衛,有,有,1,"8,200,000",豐原區,112
120.70170031878807,24.248566602776947,31,61.23,住宅大樓(11層含以上有電梯),住家用,十二層/十六層,3房3廳4衛,有,有,1,"8,200,000",豐原區,112
120.71824907519643,24.264381195097016,1,45.22,住宅大樓(11層含以上有電梯),住家用,五層/十一層,3房2廳2衛,有,有,1,"13,200,000",豐原區,112
120.74648681199646,24.264015543909142,3,39.49,住宅大樓(11層含以上有電梯),住家用,二層/十二層,3房2廳2衛,有,有,1,"11,000,000",豐原區,112
120.7066888475388,24.2547251876358,33,108.01,華廈(10層含以下有電梯),商業用,七層/七層,1房1廳1衛,有,有,0,"9,500,000",豐原區,112
120.72273766858655,24.238295021322486,47,22.61,透天厝,住商用,全/二層,3房3廳2衛,無,無,0,"7,180,000",豐原區,112
120.72202171963556,24.25509709037734,28,9.57,華廈(10層含以下有電梯),住家用,六層/十層,1房1衛,有,有,0,"2,940,000",豐原區,112
120.70170031878807,24.248566602776947,31,36.69,住宅大樓(11層含以上有電梯),住家用,九層/十六層,4房2廳2衛,有,有,0,"3,960,000",豐原區,112
120.72531271825319,24.263482170402433,27,28.17,透天厝,農業用,全/一層,2房2廳1衛,無,無,0,"42,224,160",豐原區,112
120.72617528831529,24.23781367004778,11,158.39,透天厝,住商用,全/四層,12房9廳7衛,有,無,0,"42,480,000",豐原區,112
120.72165426956951,24.25650496873378,50,34.11,透天厝,商業用,全/二層,4房2廳2衛,無,無,0,"13,000,000",豐原區,112
120.74421151255052,24.264111051914718,34,118.09,透天厝,其他,全/二層,8房1廳4衛,無,無,0,"40,000,000",豐原區,112
120.74631671016219,24.265360610126965,33,35.10,透天厝,商業用,全/二層,6房2廳3衛,無,無,0,"15,800,000",豐原區,112
120.710504836268,24.248285641514997,51,33.29,透天厝,住家用,全/二層,4房2廳2衛,無,無,0,"11,880,000",豐原區,112
120.71714101621794,24.27107879025904,25,57.66,透天厝,其他,全/三層,4房3廳3衛,無,無,0,"12,500,000",豐原區,112
120.73380263491707,24.249213060414423,34,49.11,透天厝,住家用,全/四層,4房1廳3衛,無,無,0,"4,000,000",豐原區,112
120.71769635102186,24.242610751505104,55,20.51,透天厝,住家用,全/二層,3房3廳3衛,無,無,0,"5,000,000",豐原區,112
120.70061145128213,24.246758630438688,28,39.42,華廈(10層含以下有電梯),住家用,五層/七層,3房2廳2衛,有,有,0,"5,700,000",豐原區,112
120.7183602388632,24.26756869995945,12,53.67,透天厝,住家用,全/三層,5房3廳3衛,無,無,0,"18,300,000",豐原區,112
120.73044709484479,24.229297699057405,41,29.22,透天厝,住家用,全/二層,3房2廳2衛,無,無,0,"6,800,000",豐原區,112
120.72441782431281,24.24457338485385,22,20.46,住宅大樓(11層含以上有電梯),住家用,十二層/十四層,2房1廳1衛,有,有,0,"5,880,000",豐原區,112
120.71736480098286,24.258962032869988,9,68.25,透天厝,住家用,全/四層,4房3廳3衛,無,無,0,"21,500,000",豐原區,112
120.71557682395229,24.24367225732601,31,29.18,華廈(10層含以下有電梯),住家用,三層/五層,3房1廳2衛,有,有,0,"4,300,000",豐原區,112
120.71264593521006,24.272731734559457,29,55.92,透天厝,住家用,全/四層,4房3廳3衛,無,無,0,"8,100,000",豐原區,112
120.71722927970524,24.244533110169613,1,11.33,華廈(10層含以下有電梯),住家用,五層/五層,1房1廳1衛,有,有,0,"4,280,000",豐原區,112
120.72134373232998,24.23178239880513,16,25.95,透天厝,住家用,全/三層,4房3廳3衛,無,無,0,"6,500,000",豐原區,112
120.72202171963556,24.25509709037734,29,24.24,華廈(10層含以下有電梯),住家用,七層/十層,3房2廳1衛,有,有,0,"6,250,000",豐原區,112
120.71197374208319,24.260694552769827,24,108.28,透天厝,住家用,全/四層,5房2廳3衛,無,無,0,"23,600,000",豐原區,112
120.72426135411852,24.239498675470752,30,28.89,華廈(10層含以下有電梯),住家用,二層/九層,3房2廳2衛,有,有,0,"5,100,000",豐原區,112
120.72213099177493,24.254663888778925,20,12.17,住宅大樓(11層含以上有電梯),住家用,十四層/十四層,1房1衛,有,有,0,"3,150,000",豐原區,112
120.72449751536517,24.23500255546461,2,62.21,透天厝,住商用,全/四層,4房3廳4衛,無,無,0,"24,000,000",豐原區,112
120.7271946009114,24.244668677029523,30,9.95,公寓(5樓含以下無電梯),住家用,二層/五層,1房1衛,無,無,0,"2,700,000",豐原區,112
120.72252135971024,24.251766225845174,26,11.44,住宅大樓(11層含以上有電梯),住家用,四層/十三層,1房1衛,有,有,0,"3,200,000",豐原區,112
120.72703919531325,24.239043194780923,8,81.66,透天厝,住家用,全/四層,6房2廳8衛,有,無,0,"34,500,000",豐原區,112
120.70236160602238,24.24792683301744,47,26.14,透天厝,住家用,全/二層,3房2廳2衛,無,無,0,"8,880,000",豐原區,112
120.72099201626142,24.230517666517677,16,50.27,透天厝,住家用,全/三層,4房2廳3衛,無,有,0,"12,000,000",豐原區,112
120.72854304189902,24.254260122074168,44,25.08,公寓(5樓含以下無電梯),住家用,二層/五層,3房1廳1衛,無,無,0,"6,220,000",豐原區,112
120.72925629766868,24.224356592036276,42,34.94,透天厝,住商用,全/二層,3房2廳2衛,無,無,0,"8,880,000",豐原區,112
120.72637289275967,24.255917608461974,27,23.68,華廈(10層含以下有電梯),住家用,六層/八層,2房2廳1衛,有,有,0,"6,780,000",豐原區,112
120.69989192315971,24.247037122905848,1,55.48,透天厝,住家用,全/四層,5房2廳4衛,有,有,0,"20,600,000",豐原區,112
120.72938097589544,24.244555205391006,48,27.52,透天厝,住家用,全/二層,5房2廳2衛,無,無,0,"7,000,000",豐原區,112
120.70608670281095,24.2381915471113,15,54.23,透天厝,住家用,全/四層,4房3廳3衛,無,無,0,"21,800,000",豐原區,112
120.7429616793195,24.263621369597807,8,44.13,透天厝,住家用,全/四層,4房2廳4衛,無,無,0,"15,800,000",豐原區,112
120.71891047872158,24.241285708807574,44,34.06,透天厝,商業用,全/二層,2房1廳2衛,無,無,0,"9,680,000",豐原區,112
120.72607769574788,24.255799701698198,19,62.68,透天厝,住家用,全/四層,4房3廳3衛,無,有,0,"25,500,000",豐原區,112
120.72172275167783,24.25218913955787,29,9.30,華廈(10層含以下有電梯),住家用,七層/十層,1房1衛,有,有,0,"2,650,000",豐原區,112
120.70170031878807,24.248566602776947,31,29.61,住宅大樓(11層含以上有電梯),住家用,五層/十六層,3房2廳2衛,有,有,0,"5,550,000",豐原區,112
120.70953415236288,24.242080730693772,,38.44,透天厝,,全/--,3房3廳3衛,無,無,0,"13,000,000",豐原區,112
120.70819497411696,24.242060111050336,29,63.95,住宅大樓(11層含以上有電梯),住商用,"一層,二層,三層,騎樓/十二層",3房2廳2衛,有,有,0,"11,000,000",豐原區,112
120.72671184462708,24.25399499092897,28,11.34,華廈(10層含以下有電梯),住家用,二層/十層,1房1衛,有,有,0,"2,300,000",豐原區,112
120.7390033098533,24.248707393828038,46,25.41,透天厝,住家用,全/二層,4房2廳2衛,無,無,0,"6,000,000",豐原區,112
120.70807686677979,24.250664714938228,23,35.29,住宅大樓(11層含以上有電梯),住家用,七層/十六層,3房2廳2衛,有,有,0,"8,200,000",豐原區,112
120.70975901438436,24.247137523683616,50,28.56,透天厝,住家用,全/二層,3房2廳3衛,無,無,0,"7,000,000",豐原區,112
120.72577884696327,24.25279244067198,30,43.09,華廈(10層含以下有電梯),住家用,十層/十層,5房2廳2衛,有,有,0,"7,300,000",豐原區,112
120.70998460273157,24.238849133107557,33,77.68,透天厝,住家用,全/四層,4房3廳4衛,無,有,0,"15,200,000",豐原區,112
120.7202896646135,24.250028534473376,26,10.92,華廈(10層含以下有電梯),住家用,三層/六層,1房1衛,有,無,0,"2,780,000",豐原區,112
120.72707277196028,24.246384021112455,61,33.28,透天厝,住家用,全/二層,,無,無,0,"8,000,000",豐原區,112
120.7265652200829,24.248875171335847,43,60.76,透天厝,住商用,全/三層,4房2廳3衛,無,無,0,"14,300,000",豐原區,112
120.73154119645251,24.242825425869462,32,29.56,透天厝,住家用,全/二層,4房2廳2衛,無,無,0,"10,000,000",豐原區,112
120.7158325336769,24.243817197096146,30,35.76,華廈(10層含以下有電梯),住家用,二層/五層,2房2廳2衛,有,有,1,"6,500,000",豐原區,112
120.7169764831344,24.243069917069107,,44.49,華廈(10層含以下有電梯),住家用,三層/七層,3房2廳2衛,有,有,1,"11,750,000",豐原區,112
120.7228969194419,24.255694608255276,6,32.71,住宅大樓(11層含以上有電梯),住家用,九層/十二層,2房2廳1衛,有,有,1,"7,300,000",豐原區,112
120.74522501625177,24.26458227050498,4,40.09,住宅大樓(11層含以上有電梯),住家用,二層/十二層,3房2廳2衛,有,有,1,"10,600,000",豐原區,112
120.70853532724321,24.2439478726155,6,62.56,住宅大樓(11層含以上有電梯),住家用,十二層/十二層,3房2廳2衛,有,有,2,"18,200,000",豐原區,112
120.74522501625177,24.26458227050498,4,48.50,住宅大樓(11層含以上有電梯),住家用,七層/十二層,3房2廳2衛,有,有,1,"13,500,000",豐原區,112
120.7093737069794,24.252021588578717,6,46.87,住宅大樓(11層含以上有電梯),住家用,三層/十五層,3房2廳2衛,有,有,1,"13,300,000",豐原區,112
120.72231628805024,24.260036605639723,1,35.29,住宅大樓(11層含以上有電梯),住家用,三層/十五層,2房1廳1衛,有,有,1,"10,000,000",豐原區,112
120.70138179474422,24.245803039152275,3,29.79,華廈(10層含以下有電梯),商業用,"一層,騎樓,見其他登記事項/七層",2房2廳2衛,有,有,2,"10,500,000",豐原區,112
120.72441782431281,24.24457338485385,22,38.93,住宅大樓(11層含以上有電梯),住家用,六層/十四層,3房2廳2衛,有,有,1,"9,000,000",豐原區,112
120.70627812811232,24.24059368642665,25,35.47,華廈(10層含以下有電梯),住家用,三層/六層,3房2廳2衛,有,有,1,"6,800,000",豐原區,112
120.71530789031355,24.258317131655232,1,36.19,住宅大樓(11層含以上有電梯),住家用,十四層/十五層,2房2廳2衛,有,有,1,"11,680,000",豐原區,112
120.72236569241292,24.241815741342727,25,38.59,華廈(10層含以下有電梯),住家用,四層/九層,3房2廳2衛,有,有,1,"8,300,000",豐原區,112
120.71138831856763,24.240802113183552,32,41.68,華廈(10層含以下有電梯),住家用,二層/五層,3房2廳2衛,有,有,1,"8,600,000",豐原區,112
120.72654971633455,24.25152069593115,1,50.31,住宅大樓(11層含以上有電梯),住家用,五層/十三層,3房2廳2衛,有,有,1,"16,200,000",豐原區,112
120.71205293447457,24.24739469048738,29,34.18,華廈(10層含以下有電梯),住家用,九層/九層,1房2廳2衛,有,有,1,"3,000,000",豐原區,112
120.70627812811232,24.24059368642665,25,40.83,華廈(10層含以下有電梯),住家用,一層/六層,3房2廳2衛,有,有,1,"8,000,000",豐原區,112
120.70950432377175,24.24220707801354,32,31.58,透天厝,住家用,全/三層,3房2廳3衛,無,無,0,"5,500,000",豐原區,112
120.7158325336769,24.243817197096146,30,31.46,華廈(10層含以下有電梯),住商用,"一層,地下層/五層",,有,有,0,"6,700,000",豐原區,112
120.71568816953373,24.246742388418504,46,37.88,透天厝,商業用,全/二層,5房2廳3衛,無,無,0,"16,000,000",豐原區,112
120.7010487845073,24.228168330148566,19,47.38,透天厝,其他,全/三層,4房3廳3衛,無,無,0,"13,200,000",豐原區,112
120.73661829977662,24.273506521551994,1,55.81,透天厝,住家用,全/四層,5房3廳5衛,無,無,0,"15,500,000",豐原區,112
120.72493076966741,24.253323628679528,21,28.30,公寓(5樓含以下無電梯),商業用,二層/四層,,無,有,0,"7,920,000",豐原區,112
120.73247543307836,24.248136250356957,39,29.99,透天厝,住家用,全/二層,3房2廳2衛,無,無,0,"9,800,000",豐原區,112
120.71509860251973,24.24616342258017,29,21.76,華廈(10層含以下有電梯),住家用,五層/五層,2房2廳1衛,有,無,0,"5,500,000",豐原區,112
120.7120621211652,24.252062815939414,64,13.28,透天厝,住家用,全/一層,1房1廳1衛,無,無,0,"4,100,000",豐原區,112
120.7276179436846,24.244714594704234,54,52.02,透天厝,住商用,全/二層,2房2廳2衛,無,無,0,"25,500,000",豐原區,112
120.7228969194419,24.255694608255276,6,36.07,住宅大樓(11層含以上有電梯),住家用,三層/十二層,3房2廳2衛,有,有,0,"10,500,000",豐原區,112
120.73318083152394,24.249880123837045,45,34.74,透天厝,住家用,全/二層,4房2廳4衛,無,無,0,"12,350,000",豐原區,112
120.70831067039626,24.24314384251254,52,16.52,透天厝,住家用,全/一層,2房2廳1衛,無,無,0,"5,880,000",豐原區,112
120.7277614752968,24.24205122625102,36,53.08,透天厝,住家用,全/三層,3房3廳3衛,無,無,0,"14,300,000",豐原區,112
120.72172275167783,24.25218913955787,29,9.30,華廈(10層含以下有電梯),住家用,四層/十層,1房1廳1衛,有,有,0,"2,400,000",豐原區,112
120.72728878285021,24.246682361590043,55,29.77,透天厝,住家用,全/二層,4房2廳2衛,無,無,0,"7,300,000",豐原區,112
120.73392971683597,24.24966474198711,38,35.49,透天厝,住家用,全/二層,6房2廳3衛,無,無,0,"11,600,000",豐原區,112
120.69981305780745,24.24707308282008,1,56.64,透天厝,住家用,全/四層,4房2廳5衛,無,有,0,"20,200,000",豐原區,112
120.73714426215251,24.242853264677503,30,84.38,透天厝,住家用,全/三層,4房3廳5衛,無,無,0,"13,100,000",豐原區,112
120.72238131852487,24.239152160249773,53,17.73,透天厝,住家用,全/一層,3房2廳1衛,無,無,0,"6,200,000",豐原區,112
120.72344818776378,24.255803972933887,44,19.47,公寓(5樓含以下無電梯),住家用,"五層,電梯樓梯間/五層",2房1廳1衛,無,無,0,"3,950,000",豐原區,112
120.71508122007816,24.24512502432971,36,8.79,透天厝,住商用,全/二層,2房2廳1衛,無,無,0,"2,330,000",豐原區,112
120.69802508774349,24.228559648082644,25,47.65,透天厝,其他,全/三層,3房2廳3衛,無,有,0,"11,000,000",豐原區,112
120.6999313558543,24.24701912803229,1,56.46,透天厝,住家用,全/四層,5房2廳4衛,有,有,0,"21,000,000",豐原區,112
120.71794226896345,24.25612794713342,56,24.54,透天厝,住家用,全/二層,4房2廳2衛,無,無,0,"8,300,000",豐原區,112
120.72223254316737,24.244181154854562,45,115.76,透天厝,住商用,全/四層,6房5廳3衛,無,無,0,"22,000,000",豐原區,112
120.74202714650474,24.263069009977443,29,46.80,透天厝,住家用,全/三層,5房2廳3衛,無,無,0,"10,500,000",豐原區,112
120.72368456577627,24.25579537359637,44,23.30,公寓(5樓含以下無電梯),住家用,三層/五層,3房2廳1衛,無,無,0,"4,600,000",豐原區,112
120.70227710842077,24.250382610151075,30,34.85,華廈(10層含以下有電梯),住家用,五層/六層,3房2廳2衛,有,有,0,"6,970,000",豐原區,112
120.71717125927084,24.248505858272082,51,32.34,透天厝,住家用,全/二層,7房1廳7衛,無,無,0,"9,600,000",豐原區,112
120.72923566282843,24.252726386271483,30,27.69,住宅大樓(11層含以上有電梯),住家用,三層/十二層,3房2廳2衛,有,有,0,"6,000,000",豐原區,112
120.72877169435691,24.25324925005758,36,33.46,透天厝,住家用,全/二層,4房3廳2衛,無,無,0,"13,000,000",豐原區,112
120.70843870565257,24.243135058993833,53,16.34,透天厝,住家用,全/一層,5房2廳2衛,無,無,0,"6,500,000",豐原區,112
120.72236569241292,24.241815741342727,25,27.07,華廈(10層含以下有電梯),住家用,四層/九層,3房2廳1衛,有,有,0,"7,160,000",豐原區,112
120.72621071576843,24.239664729491125,21,24.60,華廈(10層含以下有電梯),住家用,四層/八層,2房2廳1衛,有,有,0,"6,100,000",豐原區,112
120.72444648364704,24.240410972651894,34,44.10,透天厝,住家用,全/二層,5房2廳3衛,無,無,0,"15,000,000",豐原區,112
120.72574085973771,24.25672909961711,14,19.27,華廈(10層含以下有電梯),辦公用,三層/九層,3房2廳2衛,有,有,0,"6,360,000",豐原區,112
120.71495134217828,24.24154019724396,32,18.63,華廈(10層含以下有電梯),住家用,四層/五層,2房2廳1衛,有,無,0,"4,700,000",豐原區,112
120.70720991176249,24.255114447887195,29,44.07,華廈(10層含以下有電梯),住家用,三層/十層,3房2廳2衛,有,有,0,"9,380,000",豐原區,112
120.7171711794156,24.248541973641103,51,51.79,透天厝,住家用,全/三層,4房2廳4衛,無,無,0,"10,800,000",豐原區,112
120.71879265028802,24.241131985271483,44,29.19,透天厝,商業用,全/二層,2房2廳2衛,無,無,0,"9,000,000",豐原區,112
120.7169764831344,24.243069917069107,,34.23,華廈(10層含以下有電梯),住家用,五層/七層,2房2廳1衛,有,有,1,"9,180,000",豐原區,112
120.70927199049896,24.244779968091045,31,35.56,華廈(10層含以下有電梯),住家用,一層/七層,3房2廳2衛,有,有,1,"8,800,000",豐原區,112
120.713859391192,24.254260298621215,10,42.82,住宅大樓(11層含以上有電梯),住家用,十三層/十四層,3房2廳2衛,有,有,1,"12,450,000",豐原區,112
120.72231628805024,24.260036605639723,1,37.05,住宅大樓(11層含以上有電梯),住家用,六層/十五層,2房2廳1衛,有,有,1,"10,240,000",豐原區,112
120.72236569241292,24.241815741342727,25,37.29,華廈(10層含以下有電梯),住家用,六層/九層,3房2廳2衛,有,有,1,"8,900,000",豐原區,112
120.72841863156216,24.257194391984587,4,33.61,住宅大樓(11層含以上有電梯),住家用,三層/十五層,2房2廳2衛,有,有,1,"10,000,000",豐原區,112
120.7176732131658,24.24863319480012,13,37.18,住宅大樓(11層含以上有電梯),住家用,十一層/十二層,4房1廳2衛,有,有,1,"11,800,000",豐原區,112
120.70170031878807,24.248566602776947,30,28.71,住宅大樓(11層含以上有電梯),住家用,十六層/十六層,3房2廳1衛,有,有,1,"5,650,000",豐原區,112
120.70853532724321,24.2439478726155,6,49.43,住宅大樓(11層含以上有電梯),住家用,六層/十二層,3房2廳1衛,有,有,1,"13,500,000",豐原區,112
120.71285499035619,24.241048667159205,16,47.87,住宅大樓(11層含以上有電梯),住家用,六層/十一層,3房1廳2衛,有,有,1,"11,500,000",豐原區,112
120.72441782431281,24.24457338485385,22,18.93,住宅大樓(11層含以上有電梯),住家用,六層/十四層,2房2廳1衛,有,有,1,"4,300,000",豐原區,112
120.70935409312017,24.2519854356085,6,46.65,住宅大樓(11層含以上有電梯),住家用,八層/十五層,3房2廳2衛,有,有,1,"13,900,000",豐原區,112
120.74648681199646,24.264015543909142,3,32.00,住宅大樓(11層含以上有電梯),住家用,八層/十二層,2房2廳1衛,有,有,1,"9,600,000",豐原區,112
120.74648681199646,24.264015543909142,3,32.00,住宅大樓(11層含以上有電梯),住家用,十一層/十二層,2房2廳1衛,有,有,1,"8,600,000",豐原區,112
120.71520614258378,24.242091450752383,29,40.46,住宅大樓(11層含以上有電梯),住家用,七層/十二層,3房2廳2衛,有,有,1,"8,500,000",豐原區,112
120.71285499035619,24.241048667159205,16,54.70,住宅大樓(11層含以上有電梯),住家用,八層/十一層,4房2廳2衛,有,有,1,"13,300,000",豐原區,112
120.72841863156216,24.257194391984587,4,15.37,住宅大樓(11層含以上有電梯),住家用,七層/十五層,2房1廳1衛,有,有,1,"4,250,000",豐原區,112
120.72870859955165,24.25049523816013,7,49.99,住宅大樓(11層含以上有電梯),住家用,七層/十二層,3房2廳2衛,有,有,1,"14,880,000",豐原區,112
120.72841863156216,24.257194391984587,4,36.30,住宅大樓(11層含以上有電梯),住家用,四層/十五層,2房2廳1衛,有,有,2,"11,500,000",豐原區,112
120.7228969194419,24.255694608255276,6,31.28,住宅大樓(11層含以上有電梯),住家用,十層/十二層,2房2廳1衛,有,有,1,"10,100,000",豐原區,112
120.7248421366885,24.24416783803241,6,52.90,住宅大樓(11層含以上有電梯),住家用,九層/十四層,3房2廳2衛,有,有,1,"17,500,000",豐原區,112
120.7228969194419,24.255694608255276,6,36.43,住宅大樓(11層含以上有電梯),住家用,三層/十二層,2房1廳1衛,有,有,1,"11,450,000",豐原區,112
120.70188755106581,24.24428712085063,29,38.82,華廈(10層含以下有電梯),商業用,"一層,二層,騎樓/九層",1房2廳1衛,有,有,0,"8,350,000",豐原區,112
120.72084282487741,24.240232841732464,,83.19,透天厝,住家用,全/四層,5房4廳6衛,有,無,0,"34,218,800",豐原區,112
120.70192243848265,24.24621944214599,23,71.07,透天厝,商業用,全/四層,8房3廳5衛,有,無,0,"23,900,000",豐原區,112
120.71572581784586,24.2430946725942,32,17.90,華廈(10層含以下有電梯),住家用,三層/六層,2房1廳1衛,有,有,0,"4,000,000",豐原區,112
120.72428753137758,24.250198351559934,54,54.61,透天厝,住家用,全/三層,5房2廳4衛,無,無,0,"12,980,000",豐原區,112
120.73390184521622,24.248861092431877,39,31.10,透天厝,住家用,全/二層,5房2廳2衛,無,無,0,"12,850,000",豐原區,112
120.70558601849149,24.254650826307298,35,40.11,透天厝,住家用,全/二層,4房3廳2衛,無,無,0,"14,500,000",豐原區,112
120.71380540342955,24.238775090828252,29,51.52,透天厝,住家用,全/四層,5房3廳4衛,無,無,0,"14,800,000",豐原區,112
120.71602027449656,24.243528608536575,31,17.55,華廈(10層含以下有電梯),住家用,三層/五層,2房2廳1衛,有,無,0,"4,130,000",豐原區,112
120.72252135971024,24.251766225845174,26,36.62,住宅大樓(11層含以上有電梯),住家用,九層/十三層,3房2廳2衛,有,有,0,"7,200,000",豐原區,112
120.71647977859375,24.24947069121943,48,69.50,透天厝,商業用,全/四層,5房2廳3衛,無,無,0,"15,000,000",豐原區,112
120.73323007063703,24.249880210178357,45,35.43,透天厝,住家用,全/二層,3房1廳2衛,無,無,0,"2,968,906",豐原區,112
120.71549211405721,24.25519336516728,30,55.95,透天厝,住家用,全/四層,5房2廳4衛,無,無,0,"12,350,000",豐原區,112
120.71532841290744,24.25352265680606,43,33.24,公寓(5樓含以下無電梯),商業用,一層/五層,1房1廳1衛,無,無,0,"6,150,000",豐原區,112
120.71248433666645,24.24385606730072,49,22.51,透天厝,住家用,全/二層,6房3廳3衛,無,無,0,"8,380,000",豐原區,112
120.72343672204792,24.23833240868584,47,28.00,透天厝,住家用,全/二層,4房2廳2衛,無,無,0,"8,900,000",豐原區,112
120.73930291720221,24.265980800597816,24,35.83,透天厝,商業用,全/二層,5房3廳3衛,無,無,0,"6,840,000",豐原區,112
120.73233083872506,24.251350399038028,13,122.52,透天厝,住家用,全/四層,6房3廳7衛,有,有,0,"35,000,000",豐原區,112
120.72773664003635,24.22132004304619,42,28.49,透天厝,住家用,全/二層,4房3廳2衛,無,無,0,"8,500,000",豐原區,112
120.73610862716887,24.253207980360685,15,51.46,透天厝,其他,全/四層,4房3廳3衛,無,無,0,"17,800,000",豐原區,112
120.70170031878807,24.248566602776947,30,29.58,住宅大樓(11層含以上有電梯),住家用,六層/十六層,3房2廳2衛,有,有,0,"6,000,000",豐原區,112
120.7117751623147,24.23955680172893,31,70.56,住宅大樓(11層含以上有電梯),商業用,八層/十二層,,有,有,0,"11,000,000",豐原區,112
120.71675536587342,24.253985807994546,52,39.69,透天厝,住家用,全/三層,4房2廳2衛,無,無,0,"6,900,000",豐原區,112
120.72263430844987,24.245093834569925,35,32.39,透天厝,住家用,全/二層,4房2廳2衛,無,無,0,"12,500,000",豐原區,112
120.73837843659894,24.260516540831745,48,27.83,透天厝,住家用,全/二層,4房3廳2衛,無,無,0,"5,830,000",豐原區,112
120.70786680050792,24.243468030563886,34,56.77,透天厝,住商用,全/四層,7房1廳4衛,無,無,0,"17,000,000",豐原區,112
120.72206980560357,24.251097234551708,47,47.86,透天厝,住家用,全/三層,3房3廳4衛,無,無,0,"3,114,400",豐原區,112
120.72621963123017,24.25390381707174,25,25.41,華廈(10層含以下有電梯),住家用,一層/八層,2房2廳1衛,有,有,0,"5,600,000",豐原區,112
120.72172275167783,24.25218913955787,29,8.51,華廈(10層含以下有電梯),住家用,十層/十層,1房1廳1衛,有,有,0,"2,300,000",豐原區,112
120.71188326768115,24.235277169911367,1,91.50,透天厝,住家用,全/四層,5房3廳6衛,無,無,0,"30,100,000",豐原區,112
120.71371211685535,24.258458598627552,43,28.40,透天厝,商業用,全/三層,2房1廳2衛,無,無,0,"1,252,117",豐原區,112
120.73044795841207,24.242913782259283,30,26.59,透天厝,其他,全/二層,5房3廳3衛,無,無,0,"3,900,000",豐原區,112
120.71909852599516,24.240852654853295,44,29.35,透天厝,商業用,全/二層,3房2廳1衛,無,無,0,"6,600,000",豐原區,112
120.71188175780681,24.24469464294903,63,15.28,透天厝,住家用,全/二層,3房2廳1衛,無,無,0,"4,080,000",豐原區,112
120.70216039746276,24.245524670100075,36,37.64,透天厝,住商用,全/二層,4房3廳4衛,無,無,0,"3,250,000",豐原區,112
120.70543873274777,24.25446093485286,35,21.87,透天厝,住家用,全/二層,3房2廳3衛,無,無,0,"5,000,000",豐原區,112
120.7270817719274,24.246781323069005,55,32.43,透天厝,住家用,全/二層,3房2廳2衛,無,無,0,"7,500,000",豐原區,112
120.71285499035619,24.241048667159205,16,31.86,住宅大樓(11層含以上有電梯),住家用,六層/十一層,2房2廳2衛,有,有,0,"7,600,000",豐原區,112
120.74506561470224,24.25561599961252,29,32.02,透天厝,住商用,全/三層,6房2廳6衛,無,無,0,"13,620,000",豐原區,112
120.70979634050138,24.2437064880806,50,42.93,透天厝,住家用,全/二層,4房2廳2衛,無,無,0,"5,800,000",豐原區,112
120.75344270320264,24.25759818177401,60,28.82,透天厝,住家用,全/一層,,無,無,0,"18,000,000",豐原區,112
120.72110656240582,24.268305130798694,,69.99,透天厝,住商用,全/三層,5房4廳5衛,無,無,0,"19,500,000",豐原區,112
120.71859811016238,24.240039101395787,8,64.63,透天厝,住家用,全/四層,4房4廳4衛,無,無,0,"22,600,000",豐原區,112
120.70965747366525,24.252825730102355,39,22.74,透天厝,住家用,全/二層,3房3廳3衛,無,無,0,"8,700,000",豐原區,112
120.73702200516298,24.273570422595622,29,51.89,透天厝,住家用,全/三層,4房3廳3衛,無,無,0,"9,800,000",豐原區,112
120.72311142337166,24.26123894126858,27,10.64,住宅大樓(11層含以上有電梯),住家用,六層/二十層,1房1廳1衛,有,有,0,"1,300,000",豐原區,112
120.73771832721113,24.251034727141146,48,17.58,透天厝,住家用,全/一層,4房2廳1衛,無,無,0,"7,000,000",豐原區,112
120.70721117500632,24.245958844127305,44,30.79,透天厝,住家用,全/二層,4房3廳2衛,無,無,0,"8,200,000",豐原區,112
120.72123308775694,24.25093318389407,60,11.80,透天厝,商業用,全/二層,2房1廳1衛,無,無,0,"2,610,000",豐原區,112
120.73307578407224,24.248308853578063,32,14.13,華廈(10層含以下有電梯),住家用,三層/五層,1房1廳1衛,有,有,0,"1,400,000",豐原區,112
120.70188755106581,24.24428712085063,29,39.69,華廈(10層含以下有電梯),商業用,"一層,二層,騎樓/九層",3房2廳1衛,有,有,0,"9,100,000",豐原區,112
120.73691608590306,24.234094505153127,21,36.15,透天厝,其他,全/二層,4房3廳3衛,無,無,0,"10,100,000",豐原區,112
120.72286371508784,24.25738300836089,34,46.49,透天厝,住家用,全/三層,6房2廳3衛,無,無,0,"12,000,000",豐原區,112
120.73431996141565,24.237205081724106,9,52.68,透天厝,住家用,全/三層,4房3廳3衛,無,無,0,"16,000,000",豐原區,112
120.7116869462228,24.24374619724135,64,14.27,透天厝,住家用,全/一層,2房2廳1衛,無,無,0,"9,600,000",豐原區,112
120.70033254697725,24.24811245668759,40,25.23,公寓(5樓含以下無電梯),住家用,四層/五層,3房2廳2衛,無,無,0,"4,800,000",豐原區,112
120.74382087527192,24.23295055393604,22,63.53,透天厝,住家用,全/三層,3房2廳2衛,無,無,0,"13,500,000",豐原區,112
120.70807686677979,24.250664714938228,23,39.75,住宅大樓(11層含以上有電梯),住家用,十六層/十六層,3房2廳2衛,有,有,0,"7,150,000",豐原區,112
120.71787094567671,24.261671740752856,1,83.79,透天厝,住家用,全/四層,5房2廳6衛,無,無,0,"22,580,000",豐原區,112
120.70804102033826,24.249111620124268,7,103.45,透天厝,住家用,全/五層,6房3廳7衛,有,無,0,"28,000,000",豐原區,112
120.71605252950107,24.246743068775967,49,9.21,透天厝,住家用,全/三層,4房2廳2衛,無,無,0,"2,000,000",豐原區,112
120.71605252950107,24.246743068775967,49,9.21,透天厝,住家用,全/三層,4房2廳2衛,無,無,0,"2,000,000",豐原區,112
120.72213099177493,24.254663888778925,19,14.86,住宅大樓(11層含以上有電梯),住家用,十四層/十四層,1房1衛,有,有,0,"3,960,000",豐原區,112
120.70954402006126,24.24207172065193,33,38.44,透天厝,住家用,全/四層,3房3廳3衛,無,無,0,"10,700,000",豐原區,112
120.7095006230492,24.252509405140493,45,31.02,透天厝,住家用,全/二層,5房3廳2衛,無,無,0,"8,500,000",豐原區,112
120.73656947975194,24.27329875762079,1,54.10,透天厝,住家用,全/四層,4房2廳5衛,無,有,0,"15,700,000",豐原區,112
